-- phpMyAdmin SQL Dump
-- version 5.0.2
-- https://www.phpmyadmin.net/
--
-- Хост: localhost
-- Время создания: Апр 06 2020 г., 21:46
-- Версия сервера: 5.6.39-83.1
-- Версия PHP: 7.1.33

SET SQL_MODE = "NO_AUTO_VALUE_ON_ZERO";
START TRANSACTION;
SET time_zone = "+00:00";


/*!40101 SET @OLD_CHARACTER_SET_CLIENT=@@CHARACTER_SET_CLIENT */;
/*!40101 SET @OLD_CHARACTER_SET_RESULTS=@@CHARACTER_SET_RESULTS */;
/*!40101 SET @OLD_COLLATION_CONNECTION=@@COLLATION_CONNECTION */;
/*!40101 SET NAMES utf8mb4 */;

--
-- База данных: `ksenia_shop`
--
CREATE DATABASE IF NOT EXISTS `ksenia_shop` DEFAULT CHARACTER SET cp1251 COLLATE cp1251_general_ci;
USE `ksenia_shop`;

-- --------------------------------------------------------

--
-- Структура таблицы `m_brands`
--

CREATE TABLE `m_brands` (
  `id` int(10) UNSIGNED NOT NULL,
  `title` varchar(255) NOT NULL,
  `logo` varchar(255) NOT NULL,
  `country` varchar(255) NOT NULL,
  `description` text NOT NULL
) ENGINE=InnoDB DEFAULT CHARSET=utf8;

--
-- Дамп данных таблицы `m_brands`
--

INSERT INTO `m_brands` (`id`, `title`, `logo`, `country`, `description`) VALUES
(2, 'Rica Mare', 'RicaMare.jpg', 'Украина', 'Молодая украинская компания Rica Mare выпускает современную, удобную и качественную женскую одежду. Модели от данного производителя быстро набрали популярность в ряду представительниц прекрасного пола благодаря своему изящному внешнему виду и отличным характеристикам материалов.'),
(3, 'Revanche de la femme', 'Revanchedelafemme.jpg', 'Германия', 'Revanche de la Femme - немецкая торговая марка, под именем которой производятся бельевые и гардеробные женские корсеты. Корсет Revanche de la Femme - это, прежде всего стильный, элегантный, классический корсет для всех женщин, независимо от возраста и комплекции.'),
(4, 'Maxa', 'Maxa.png', 'Италия', 'МАХА — узнаваемый и престижный итальянский бренд. Модели марки MAXA соответствуют последним европейским тенденциям моды, способны скрыть недостатки фигуры и подчеркнуть достоинства. Изделия, специально разработанные лучшими дизайнерами для торговой марки, ориентированы на изысканные предпочтения высокого класса.'),
(5, 'Vera Moni', 'VeraMoni.jpg', 'Польша', 'Польская компания VERA MONI существует уже более 20 лет на рынке женской одежды сегмента средний+ и имеет богатую историю. Именно Vera Moni является первой компанией, которая вышла на международный уровень среди польских производителей.'),
(6, 'Salko', 'Salko.jpg', 'Польша', 'Польский модный дом Salko специализируется на пошиве женской одежды с 1981 года. За это время его продукция получила признание в Польше, России, Словакии, Германии, Чехии и странах Балтии. При пошиве одежды используются высококачественные технологичные ткани и фурнитура европейских производителей.'),
(7, 'Elisa Cavaletti', 'ElisaCavaletti.jpg', 'Италия', 'Бренд Elisa Cavaletti, разработанный Даниэлой Даллавалле, - это открытие, в самом глубоком смысле слова, исключительно итальянского мастерства, которое, «танцует» в ритме современной жизни: марку Elisa удобно носить, она уникальна и прекрасно подходит для любой ситуации, от самых важных событий до повседневной жизни.'),
(8, 'Ancora', 'Ancora.png', 'Польша', 'Ancora Collection - производитель женской трикотажной одежды из Польши - была основана в 1989 году.Основой деятельности компании является производство и продажа коллекции женской трикотажной одежды. Новые коллекции разрабатываются два раза в год, на сезон весна-лето и осень-зима.'),
(16, 'HASS', 'hass.png', 'Россия', 'Российскому бренду HASS 15 лет, он уже успел завоевать любовь и доверие своих клиентов. Качественные экологичные ткани, необычный крой — вот основные ключевые моменты коллекций HASS.Одежду HASS предпочитают творческие, свободные от стереотипов женщины, стремящиеся выглядеть красиво, стильно и  женственно.'),
(17, 'Alkis', 'alkis.png', 'Турция', 'Турецкая модная компания Alkis – это верх элегантности и изысканности. Продукция этой марки восхищает женщин Европы. Модные стильные модели от Alkis – это комфорт, уют и очень высокое качество, как материалов, так и всей одежды в целом. Коллекции фирмы выглядят очень романтично, женственно и ультрасовременно.'),
(18, 'Alberto Bini', 'albertobini.jpg', 'Швейцария', 'Все коллекции швейцарской марки Alberto Bini отличаются фирменным кроем, высоким качество материалов, утонченным вкусом и шиком. Стильные вещи с меховой отделкой, фурнитурой из натуральной кожи, вышивкой ручной работы и есть отличительный знак дизайнера.'),
(19, 'Anna Verdi', 'bab3071b5f24a146af315fe2e7519640_L.jpg', 'Италия', 'Anna Verdi. Итальянский бренд премиальной женской одежды, яркий неповторимый стиль, соединивший в себе эстетику северо-итальянского классицизма и красочного южно-итальянского барокко.'),
(21, 'FLI.RT', '8416502d-62a7-4363-b5ad-e1e6efe31f78_rwc_0x22x1962x1471x1962 (2).jpg', 'Россия', 'Известный Российский бренд женской верхней одежды. \r\nНатуральные ткани.Модели с учетом новейших трендов.'),
(22, 'COCOMORE', 'logo-schwarz_zuschnitt (2).jpg', 'Польша', 'Качественная, молодежная, модная женская одежда, красота и изысканность в каждой модели.'),
(23, 'SAMANGE', 'logotip_SAMANGE_new_chern-5.jpg', 'Россия', 'Компания Samange- модные тенденции и неповторимые образы для тех женщин, которые ценят свою индивидуальность и женственность.');

-- --------------------------------------------------------

--
-- Структура таблицы `m_colors`
--

CREATE TABLE `m_colors` (
  `id` int(10) UNSIGNED NOT NULL,
  `color` varchar(255) NOT NULL,
  `title` varchar(255) NOT NULL
) ENGINE=InnoDB DEFAULT CHARSET=utf8;

--
-- Дамп данных таблицы `m_colors`
--

INSERT INTO `m_colors` (`id`, `color`, `title`) VALUES
(1, '#000000', 'Чёрный'),
(2, '#003399', 'Синяя пыль'),
(3, '#909090', 'Телегрей'),
(4, '#f2e8c9', 'Сливочный'),
(5, '#ffffff', 'Белый'),
(6, '#006400', 'Очень тёмный лимонный зеленый'),
(7, '#7fb5b5', 'Пастельно-бирюзовый'),
(8, '#de4c8a', 'Вересково-фиолетовый'),
(9, '#ba7fa2', 'Светло-пурпурный'),
(10, '#252850', 'Ночной синий'),
(11, '#32221a', 'Тёмный серо-коричневый'),
(12, '#ffb961', 'Насыщенный красно-оранжевый'),
(13, '#ff0033', 'Карминово-красный'),
(14, 'url(\'/images/beigewool.jpg\')', 'Бежевая шерсть'),
(15, '#3e5f8a', 'Бриллиантово-синий'),
(16, '#4d5645', 'Зелёно-серый'),
(17, '#696969', 'Тусклый серый'),
(18, '#42aaff', 'Голубой'),
(19, 'url(\'/images/black-red.svg\')', 'Черный, красный'),
(20, '#b0b7c6', 'Кадетский синий Крайола'),
(21, '#ff7f50', 'Коралловый'),
(22, '#c0c0c0', 'Серебряный'),
(23, '#ffc0cb', 'Розовый'),
(24, 'url(\'/images/beige-miron.png\')', 'Бежевый мирон'),
(25, 'url(\'/images/black-beige.jpg\')', 'Бежевый, черный'),
(26, 'url(\'/images/black-grey.jpg\')', 'Серый, черный'),
(27, 'url(\'/images/black-white-green.jpg\')', 'Белый, зеленый, черный'),
(28, 'url(\'/images/black-white-pink.jpg\')', 'Белый, розовый, черный'),
(29, 'url(\'/images/black-white-yellow.jpg\')', 'Белый, желтый, черный'),
(30, 'url(\'/images/black-white.jpg\')', 'Белый, черный'),
(31, 'url(\'/images/blue-white-red.jpg\')', 'Белый, красный, синий'),
(32, 'url(\'/images/bwleopard.jpg\')', 'Черно-белый леопард'),
(33, 'url(\'/images/colorful.jpg\')', 'Цветной'),
(34, 'url(\'/images/jeans.png\')', 'Джинс'),
(35, 'url(\'/images/miron.jpg\')', 'Серый мирон'),
(36, 'url(\'/images/tweed.jpg\')', 'Твид'),
(37, 'url(\'/images/white-beige.jpg\')', 'Бежевый, белый'),
(38, 'url(\'/images/white-grey.jpg\')', 'Белый, серый'),
(39, '#7fffd4', 'Аквамариновый'),
(40, '#cfb53b', 'Старое золото'),
(41, '#7ba05b', 'Спаржа'),
(42, '#6f4f28', 'Оливково-коричневый'),
(43, 'url(\'/images/white-blue.svg\')', 'Белый, синий'),
(44, '#bc987e', 'Бледный серо-коричневый'),
(45, 'url(\'/images/blue-orange.svg\')', 'Голубой, оранжевый'),
(46, '#cac4b0', 'Серый шёлк'),
(47, 'url(\'/images/black-brown-white.svg\')', 'Белый, коричневый, черный'),
(48, '#806b2a', 'Хаки'),
(49, '#f5f5dc', 'Бежевый'),
(50, '#d2691e', 'Шоколадный'),
(51, '#002137', 'Тёмно-синий'),
(52, '#008000', 'Зелёный'),
(53, '#99ff99', 'Салатовый'),
(54, '#90ee90', 'Светло-зелёный'),
(56, '#FFEFD5', 'Бледно розовый'),
(57, '#8B795E', 'коричневый'),
(58, '#9acd32', 'желтый-зеленый'),
(59, '#3EA055', 'зеленый клевер'),
(60, '#5E7D7E', 'СЕРОВАТО БИРЮЗОВЫЙ'),
(61, '#ffd700', 'золотой'),
(62, '#8b00ff', 'фиолетовый'),
(63, '#8A6642', 'коричнево-бежевый'),
(64, '#FBCEB1', 'абрикосовый'),
(65, '#464451', 'антрацитовый'),
(66, '#44944A', 'арлекин'),
(67, '#480607', 'болгарский розовый'),
(68, '#C1876B', 'бежево-красный'),
(69, '#fffff0', 'Айвори'),
(70, '#3e2b23', 'Макодами'),
(71, '#9d7651', 'Мокко'),
(72, '#cb8fa9', 'Виолла'),
(73, '#ca0147', 'Джеральдина'),
(74, '#4c5866', 'Маренго'),
(75, '#6e750e', 'Олива'),
(76, '#faf0e6', 'Льняной'),
(77, '#0652ff', 'Электрик'),
(78, '#8b00ff', 'Фиолет'),
(79, '#002137', 'Синий'),
(80, '#6082b6', 'Сизый'),
(81, '#50c878', 'Изумруд'),
(82, '#00ffff', 'Циан'),
(83, '#ffd8b1', 'Персик');

-- --------------------------------------------------------

--
-- Структура таблицы `m_discounts`
--

CREATE TABLE `m_discounts` (
  `id` int(10) UNSIGNED NOT NULL,
  `code` varchar(255) NOT NULL,
  `value` double UNSIGNED NOT NULL
) ENGINE=InnoDB DEFAULT CHARSET=utf8;

--
-- Дамп данных таблицы `m_discounts`
--

INSERT INTO `m_discounts` (`id`, `code`, `value`) VALUES
(3, 'ABC', 0.01);

-- --------------------------------------------------------

--
-- Структура таблицы `m_items`
--

CREATE TABLE `m_items` (
  `id` int(10) UNSIGNED NOT NULL,
  `title` varchar(255) NOT NULL,
  `img` varchar(255) NOT NULL
) ENGINE=InnoDB DEFAULT CHARSET=utf8;

--
-- Дамп данных таблицы `m_items`
--

INSERT INTO `m_items` (`id`, `title`, `img`) VALUES
(1, 'Аксессуары', 'accessories.png'),
(2, 'Блузы', 'ryonbwrt4n77dy6os9easebyry.png'),
(3, 'Брюки', 'ryopbrqtodea7wf44nhnyey.png'),
(4, 'Верхняя одежда', 'jjyf.png'),
(6, 'Джинсы', '4nkpbpsozdem5wcb4gfo.png'),
(7, 'Комбинезоны', '4nppbxsozuemdwfa4n67bpqos9em7wf74gfo.png'),
(8, 'Костюмы', '4nppbxsto8eafwcq4n6pdna.png'),
(10, 'Платья', '4nx7bq6osdeafwcc4g8o.png'),
(12, 'Трикотаж', '4ntpdygozdemiwf64gbpbcgosa.png'),
(13, 'Туники', '4ntpdy6ozzemtwf44nhy.png'),
(14, 'Юбки', 'ryonbwfq4na7bqsozyonyey.png'),
(23, 'Жакеты', '4nmpbcgozmemmwcn4gfo.png');

-- --------------------------------------------------------

--
-- Структура таблицы `m_orders`
--

CREATE TABLE `m_orders` (
  `id` int(10) UNSIGNED NOT NULL,
  `delivery` tinyint(1) UNSIGNED NOT NULL,
  `price` double UNSIGNED NOT NULL,
  `name` varchar(255) NOT NULL,
  `phone` varchar(255) NOT NULL,
  `email` varchar(255) NOT NULL,
  `address` text NOT NULL,
  `notice` text NOT NULL,
  `date_order` int(10) UNSIGNED NOT NULL,
  `date_send` int(10) UNSIGNED NOT NULL,
  `units` varchar(255) NOT NULL
) ENGINE=InnoDB DEFAULT CHARSET=utf8;

-- --------------------------------------------------------

--
-- Структура таблицы `m_products`
--

CREATE TABLE `m_products` (
  `id` varchar(225) NOT NULL,
  `code_name` varchar(255) NOT NULL,
  `title` varchar(255) NOT NULL,
  `item_id` int(10) UNSIGNED NOT NULL,
  `brand_id` int(10) UNSIGNED NOT NULL,
  `collection` varchar(255) NOT NULL,
  `composition` varchar(255) NOT NULL,
  `price` double UNSIGNED NOT NULL,
  `date` int(10) UNSIGNED NOT NULL,
  `before_sale_price` double UNSIGNED NOT NULL
) ENGINE=InnoDB DEFAULT CHARSET=utf8;

--
-- Дамп данных таблицы `m_products`
--

INSERT INTO `m_products` (`id`, `code_name`, `title`, `item_id`, `brand_id`, `collection`, `composition`, `price`, `date`, `before_sale_price`) VALUES
('01343008', '01-3430-08', 'Платье', 10, 5, 'осень-зима 2019', '58%вискоза;39%хлопок;3%эл.', 12400, 1567005428, 12400),
('0254152', '025415/2', 'Пальто', 4, 19, 'Весна 2019', 'Персиан 100%п/э.', 24500, 1551972596, 24500),
('025416', '025416', 'Пальто', 4, 19, 'Весна 2019', '45%шерсть,40%п/э,15%альпака;100%п/э;вольтерн.', 18500, 1551972730, 18500),
('025420', '025420', 'Пальто жен.д/с', 4, 19, 'Весна 2019', '50% виржинская шерсть ,50% акрил; 60% ацетат,40%вискоза', 24000, 1547634508, 24000),
('03255', '03255', 'Платье', 10, 4, 'Весна-Лето', 'Креш шифон', 11500, 1549982455, 18500),
('03430', '03430', 'Брюки', 3, 4, 'Весна', '47%х/б,50%п/э.', 10000, 1549972909, 15500),
('03480', '03480', 'Комбинезон', 7, 4, 'Весна-Лето', 'Вискозный креп', 10500, 1549982282, 15500),
('03494', '03494', 'Платье', 10, 4, 'Весна-Лето', 'Вискозный креп', 10500, 1549982215, 15500),
('03902', '03902', 'Брюки', 3, 4, 'Весна', '50%висклза,50%п/э.', 10000, 1549972734, 15500),
('04004', '04004', 'Килоты', 3, 4, 'Весна', '50%вискоза,47п/а,3%эл.', 13900, 1549973092, 13900),
('04029', '04029', 'Платье', 10, 4, 'Весна', 'Пряжа вискоза', 7500, 1549982030, 10500),
('0511619', '05/116/19', 'блуза', 2, 6, 'весна-лето', '95%вискоза;5%эластан.', 3900, 1548501255, 3900),
('05366401', '05-3664-01', 'брюки', 3, 6, 'весна', '96%вискоза,2%эл,2%шелк.', 7200, 1549195514, 7200),
('05367602', '05-3676-02', 'брюки', 3, 6, 'весна-лето', '96%вискоза,4%эл.', 7200, 1549195829, 7200),
('056920', '05/69/20', 'Топ', 2, 6, 'весна-лето 2020', '96%вискоза,4%эл.', 3900, 1580124365, 3900),
('066320', '06/63/20', 'Топ', 2, 6, 'весна-лето 2020', '96%вискоза,4%эл.', 4200, 1580124511, 4200),
('068019', '06/80/19', 'Блуза', 2, 6, 'весна-лето 2019', '74%вискоза,26%п/э.', 4300, 1551278894, 4300),
('069019', '06/90/19', 'Блуза', 2, 6, 'весна-лето 2019', '100%вискоза.', 4200, 1551280049, 4200),
('07119', '07/1/19', 'блуза', 2, 6, 'весна-лето', '91%вискоза;7%п/э;2%эл.', 4900, 1548500387, 4900),
('072719', '07/27/19', 'блуза', 2, 6, 'весна-лето', '67%вискоза;28%п/э;5%эл.', 4900, 1548500128, 4900),
('073420', '07/34/20', 'Топ', 2, 6, 'весна-лето 2020', '96%вискоза,4%эл.', 4500, 1580125199, 4500),
('075220', '07/52/20', 'Топ', 2, 6, 'весна-лето 2020', '70%вискоза,30%п/э.', 4750, 1580124196, 4750),
('075320', '07/53/20', 'Топ', 2, 6, 'весна-лето 2020', '70%вискоза,30%п/э.', 4500, 1580124011, 4500),
('077520', '07/75/20', 'Блуза', 2, 6, 'весна-лето 2020', '70%вискоза,26%п/а,4%эл.', 4900, 1579788352, 4900),
('084720', '08/47/20', 'Топ', 2, 6, 'весна-лето 2020', '52%вискоза,48%п/э.', 4900, 1579787381, 4900),
('09220', '09-220', 'Блуза', 2, 6, 'осень-зима 2019', '97%вискоза,3%эл.', 5600, 1563367005, 5600),
('0929819', '09/298/19', 'Блуза с сумочкой', 2, 6, 'осень-зима 2019', '70%вискоза,25%п/э,5%эл.', 5500, 1569485906, 5500),
('093620', '09/36/20', 'Топ', 2, 6, 'весна-лето 2020', '52%вискоза,48%п/э.', 5500, 1580124884, 5500),
('1', 'Джастин 1', 'Пальто женс.д/с', 4, 19, 'Весна 2019', 'Мини-макс; синтепон', 19900, 1550594819, 19900),
('1025920', '10/259/20', 'Блуза', 2, 6, 'осень-зима 2019-2020', '52%вискоза,48%п/э.', 6300, 1572349138, 6300),
('112419', '11/24/19', 'блуза', 2, 6, 'весна-лето', '100%хлопок', 6300, 1548500781, 6300),
('11319', '11/3/19', 'блуза', 2, 6, 'весна-лето', '100%вискоза', 6900, 1548499734, 6900),
('11520', '11/5/20', 'Блуза', 2, 6, 'весна-лето 2020', '100%вискоза.', 6500, 1579788167, 6500),
('116520', '11/65/20', 'Топ', 2, 6, 'весна-лето 2020', '52%вискоза,48%п/э.', 6500, 1580125072, 6500),
('119219', '11/92/19', 'Блуза', 2, 6, ' весна - лето', '100% вискоза', 6300, 1549022257, 6300),
('1206', '1206', 'искусственная шуба', 4, 18, 'осень-зима 2019-2020', 'искусственный мех', 11500, 1564052951, 11500),
('1210519', '12/105/19', 'блуза', 2, 6, 'весна-лето', '100%вискоза', 6900, 1548500652, 6900),
('122319', '12/23/19', 'блуза', 2, 6, 'весна-лето', '100%вискоза', 6300, 1548501491, 6300),
('12338102', '12-3381-02', ' Бомбер', 2, 6, ' весна - лето', '56%вискоза,40%шелк,4%эл.', 5900, 1549023841, 5900),
('123418', '1234-18', 'Платье', 10, 2, 'Весна-лето', '60%п/э,35%вискоза,5%эл.', 7400, 1548846826, 7400),
('12366301', '12-3663-01', 'пиджак', 8, 6, 'весна', '96%вискоза,2%эл,2%шелк.', 8500, 1549195639, 8500),
('124018', '1240-в-18', 'Платье', 10, 2, 'Весна-лето', '70%п/э,25%хлопок,5%эл.', 6900, 1548847057, 6900),
('125119', '1251-19', 'Платье', 10, 2, 'Весна-лето', '70%п/э,25%хлопок,5%эл.', 6100, 1548846654, 6100),
('125519', '1255-19', 'Пальто', 4, 2, 'Весна 2019', '50%п/э,40%вискоза,10%шерсть.', 9105, 1548845749, 9105),
('1257', '1257', 'Костюм', 8, 2, 'Весна-Лето 2019', '45%вискоза;50%полиэстр,5%эластан.', 6500, 1547222895, 6500),
('126519', '1265-19', 'Платье', 10, 2, 'Весна-лето', '70%п/э,20%хлопок,10%эластан.', 6400, 1548846556, 6400),
('1269', '1269', 'Платье', 10, 2, 'Весна-Лето 2019', '30%вискоза,65%полиэстр, 5%эластан.', 6100, 1547223535, 6100),
('127819VC', '1278-19VC', 'Платье', 10, 2, 'весна-лето 2019', '25%х/б,70%п/э,5%эл.', 5800, 1554297290, 5800),
('13230', '13-230', 'туника зеленая', 13, 6, 'осень-зима 2019-2020', '100%вискоза.', 7900, 1563799629, 7900),
('13248', '13-248', 'туника горох', 13, 6, 'осень-зима 2019-2020', '98%х/б,2%эл.', 7900, 1563799325, 7900),
('1511292', '15-11292', 'Платье', 10, 16, 'весна-лето 2019', '100% крапива', 4500, 1554037061, 4500),
('1600031', '16-00031', 'Платье', 10, 16, 'Весна-лето 2019', '60% лён,40% полиэстер.', 5500, 1547332579, 5500),
('1605443', '16-05443', 'Платье', 10, 16, 'Весна - Лето 2019', '100% крапива', 7900, 1547646222, 7900),
('165', '165', 'Брюки', 3, 16, 'весна-лето 2019', '100%лен', 4900, 1560689561, 4900),
('17070', '17-070', 'Жакет', 2, 16, 'весна-лето 2019', '100%шелк', 4500, 1560689699, 4500),
('1730017', '17/300/17', 'блуза', 12, 6, 'весна-лето', '94%вискоза,6%эл.', 4500, 1549191692, 4500),
('18805', '18-805', 'Платье', 10, 16, 'Весна-лето 2019', '100%бамбук', 3300, 1547632416, 3300),
('18830', '18-830', 'Платье', 10, 16, 'Весна-Лето 2019', 'Крапива', 5500, 1547646651, 5500),
('18865', '18-865', 'Туника-платье', 10, 16, 'весна-лето 2019', '50%х/б,50%шелк.', 6500, 1560686766, 6500),
('18950', '18-950', 'Пуховик', 4, 16, 'Зима 2018-2019', '90%пух,10%перо.', 7500, 1549638853, 12500),
('190308', '19-0308', 'Брюки', 3, 16, 'весна-лето 2019', '100%cupro', 4900, 1560688320, 4900),
('1905', '1905', 'Платье', 10, 2, 'Весна-Лето 2019', '30%вискоза,70%полиэстр.', 7100, 1547223280, 7100),
('1905888', '19-05888', 'Платье', 10, 16, 'Весна-лето 2019', '100%крапива;100%хлопок;70%шелк,30%пэ.', 8300, 1547986637, 8300),
('190686501', '190686501', 'Сумка', 7, 7, 'Осень-зима 2019-2020', '93%вискоза,7%эл.', 23800, 1572694266, 23800),
('191013600', '191013600', 'Блуза', 2, 7, 'Осень-зима 2019-2020', '93%вискоза,7%эл.', 19900, 1572693727, 19900),
('19110', '19-110', 'Сарафан', 10, 16, 'весна-лето 2019', '100%крапива.', 6900, 1560688127, 6900),
('191118', '1911-18', 'Платье', 10, 2, 'Зима 2018', 'П/э;вискоза;эластан;люрекс', 5750, 1544001858, 5750),
('19126', '19-126', 'Платье', 10, 16, 'Весна-лето 2019', '50%х/б,50%конопля;100%вискоза.', 6500, 1547987663, 6500),
('19128', '19-128', 'Платье', 10, 16, 'Весна-лето 2019', '70%х/б,20%шелк,10% лён.', 7900, 1547987796, 7900),
('19132', '19-132', 'Брюки', 3, 16, 'Весна-лето 2019', ' 95%х/б,5%спандекс.', 4500, 1547987982, 4500),
('19139', '19-139', 'Платье', 10, 16, 'Весна-лето 2019', '100 % крапива', 8500, 1547986488, 8500),
('19159', '19-159', 'Костюм', 8, 16, 'Весна-лето 2019', '100%лен;100%шелк.', 11500, 1547988085, 11500),
('1925717', '19/257/17', 'Блуза', 2, 6, 'весна-летно', '94%вискоза,6%эл.', 4500, 1549033700, 4500),
('193063100', '193063100', 'Юбка', 14, 7, 'Осень-зима 2019-2020', '46%вискоза, 39%х/б,15%нейлон.', 21900, 1572694624, 21900),
('1933', '1933', 'Платье', 10, 2, 'Весна-Лето 2019', '50%вискоза,45%п/э,5%эл.', 10200, 1551111469, 10200),
('1934', '1934', 'Платье', 10, 2, 'Лето 2019', '95%х/б,5%эл.', 7000, 1551111251, 7000),
('194016302', '194016302', 'Блуза', 12, 7, 'Осень-зима 2019-2020', '40% вискоза,40%п/а,10%кашемир.', 16900, 1572695147, 16900),
('194026200', '194026200', 'Блуза', 2, 7, 'Осень-зима 2019-2020', '93%вискоза,7%эл.', 16900, 1572693574, 16900),
('194026202', '194026202', 'Платье Трикотажное', 10, 7, 'Осень-зима 2019-2020', '93%вискоза,7%эл.', 18900, 1572694084, 18900),
('194119', '1941-19', 'Платье', 10, 2, 'Весна-лето', '70%п/э,25%хлопок,5%эл.', 7500, 1548846954, 7500),
('1942', '1942', 'Платье', 10, 2, 'Весна-Лето 2019', 'Гипюр: 50%вискоза,45%полиэстр,5%эластан.', 5800, 1547221581, 5800),
('1948', '1948', 'Платье', 10, 2, 'Весна-Лето 2019', '30%вискоза,65%п/э,5%эл.', 5100, 1551111841, 5100),
('195044201', '195044201', 'Блуза', 2, 7, 'Осень-зима 2019-2020', '90%вискоза,10%эл.', 16900, 1572693436, 16900),
('195055901', '195055901', 'Блуза', 2, 7, 'Осень-зима 2019-2020', '95%вискоза,5%эл.', 16900, 1572693256, 16900),
('196055910', '196055910', 'Джинсы', 6, 7, 'Осень-зима 2019-2020', '98%х/б,2%эл.', 17900, 1572692941, 17900),
('196074800', '196074800', 'Джинсы', 6, 7, 'Осень-зима 2019-2020', '98%х/б,2%эл.', 13900, 1572692797, 13900),
('196099113', '196099113', 'Джинсы', 6, 7, 'Осень-зима 2019-2020', '98%х/б,2%эл.', 16900, 1572692648, 16900),
('197014507', '197014507', 'Куртка', 4, 7, 'Осень-зима 2019-2020', '100%п/а;100%п/э.', 29900, 1572693884, 29900),
('2', 'Джемма 2', 'Пальто', 4, 19, 'Весна 2019', '55%шерсть, 45%п/э,100% п/э.', 18500, 1551971534, 18500),
('20203181', '20с/203/18/1', 'брюки', 3, 6, 'весна-лето', '65%вискоза,30%п/а,5%эл.', 7200, 1549281641, 7200),
('2027617', '20/276/17', 'блуза', 12, 6, 'весна-лето', '94%вискоза,6%эл.', 4500, 1549191504, 4500),
('20311', '20а/311', 'килоты', 3, 6, 'зима2018', '69%шерсть;30%полиэстер;1%эластан', 7200, 1543904588, 7200),
('206375', '2063/75', 'Корсет', 1, 3, 'Коллекция NEW', '65%п/э,35%х/б.', 17500, 1571140439, 17500),
('20D20918', '20D/209/18', 'брюки', 3, 6, 'зима2018', '69%шерсть;30%полиэстер;1%эластан', 7500, 1543904965, 7500),
('214120', '21/41/20', 'Брюки с лампасами', 3, 6, 'весна-лето 2020', '49%х/б,48%нейлон,3%эластан.', 7200, 1579788754, 7200),
('215820', '21/58/20', 'Шорты', 3, 6, 'весна-лето 2020', '90%вискозы,10%п/э.', 6200, 1580125805, 6200),
('216319', '21/63/19', ' блуза', 2, 6, ' весна - лето', '97%х/б,3%эл.', 5500, 1549022639, 5500),
('2220720', '22/207/20', 'Брюки', 3, 6, 'осень-зима 2019-2020', '52%вискоза,48%п/э.', 6500, 1572349782, 6500),
('2222719', '22/227/19', 'Брюки', 3, 6, 'осень-зима 2019-2020', '49%п/э,47%шерсть,4%эл.', 7200, 1565278139, 7200),
('2228317', '22/283/17', 'Рубашка', 2, 6, 'Осень 2018', '70%х/б;23%п/э;7%эл.', 5500, 1541613155, 5500),
('22419', '22/4а/19', 'брюки', 3, 6, ' весна - лето', '97%х/б,3%эл.', 6500, 1549022561, 6500),
('224319', '22/43/19', 'Брюки белые с лампасами', 3, 6, 'весна-лето 2019', '47%х/б,49%п/э,4%эл.', 7200, 1556108748, 7200),
('22519', '22/5/19', 'Брюки розовые', 3, 6, 'весна-лето 2019', '47%х/б,49%п/э,4%эл.', 7200, 1556108607, 7200),
('229519', '22/95/19', 'блуза', 2, 6, 'весна-лето', '95%ацетат;5%эл.', 6300, 1548501603, 6300),
('231319', '23/13/19', 'брюки', 3, 6, ' весна - лето', '62%х/б,35%п/э,3%эл.', 7400, 1549022921, 7400),
('2324919', '23/249/19', 'Брюки леопард', 3, 6, 'осень-зима 2019', '97%х/б,3%эл.', 8200, 1569488757, 8200),
('23419', '23/4/19', 'Брюки', 8, 6, 'весна-лето', '71%хлопок,26%п/э,3%эластан;95%ацетат;5%эл.', 7200, 1548502845, 7200),
('252076', '2520/76', 'Корсет', 1, 3, 'Коллекция NEW', '65%п/э,35%х/б.', 18500, 1571141056, 18500),
('26', 'R-7', 'Корсет', 1, 3, 'Коллекция 2019', 'Сатин', 19500, 1564919118, 19500),
('2825818', '28с/258/18', 'Юбка', 14, 6, 'весна', '65%вискоза,30%п/а,5%эл.', 5900, 1549283498, 5900),
('28SL', '28SL', 'Корсет', 1, 3, 'Коллекция NEW', '65%п/э,35%х/б.', 19500, 1571140888, 19500),
('28TRG3', '28TRG3', 'Корсет', 1, 3, 'Коллекция NEW', '65%п/э,35%х/б.', 17500, 1571140788, 17500),
('29262', '29с/262', 'жакет', 8, 6, 'зима2018', '69%шерсть;30%полиэстер;1%эластан', 7500, 1543904753, 7500),
('3', 'Виталия 3', 'Пальто', 4, 19, 'Весна 2019', '51%шерсть,36%акрил,13%п/э,100%п/э.', 18500, 1551971742, 18500),
('30181', '3018-1', 'Куртка', 4, 18, 'Зима 2018', 'Изософт', 10500, 1543923840, 15500),
('3026', '3026', 'Жилет+пальто', 4, 18, 'Зима 2018', 'Кашемир +норка', 50000, 1550594485, 50000),
('314020', '31/40/20', 'Юбка', 14, 6, 'весна-лето 2020', '49%х/б,48%нейлон,3%эластан.', 5900, 1579788610, 5900),
('3223420', '32/234/20', 'Юбка', 14, 6, 'осень-зима 2019-2020', '52%вискоза,48%п/э.', 6500, 1572349873, 6500),
('3226020', '32/260/20', 'Юбка', 14, 6, 'осень-зима 2019-2020', '52%вискоза,48%п/э.', 6900, 1572349332, 6900),
('328419', '32/84/19', 'юбка', 14, 6, ' весна - лето', '62%х/б,35%п/э,3%эл.', 6200, 1549023044, 6200),
('335119', '33/51/19', 'Юбка белая с лампасами', 14, 6, 'весна-лето 2019', '47%х/б,49%п/э,4%эл.', 6200, 1556108985, 6200),
('349819', '34/98/19', 'Юбка', 14, 6, 'весна-лето 2019', '60%вискоза,40%п/э.', 7900, 1551280301, 7900),
('34NK', '34 NK', 'Корсет', 1, 3, 'Коллекция NEW', '65%п/э,35%х/б.', 18500, 1571141599, 18500),
('3707192701', 'В-3707/19270/1', 'Блуза', 2, 5, 'весна-лето 2020', '99%вискоза,1%металл.', 7900, 1579787993, 7900),
('3921618', '39/216/18', 'Сарафан твидовый шерстяной', 10, 6, 'осень-зима 2019-2020', '69%шерсть,30%п/э,1%эл.', 9500, 1566309728, 9500),
('40255', '4025-5', 'Пальто ', 4, 18, 'Зима 2018', 'Изософт', 15300, 1541679636, 21800),
('406919', '40/69/19', 'Платье', 10, 6, 'весна-лето 2019', '64%х/б,32%п/э,4%эл.', 6300, 1551283484, 6300),
('4171', '4171', 'блуза', 2, 5, 'весна', '80%вискоза,11%п/э,9%эл.', 3900, 1549194923, 3900),
('424520', '42/45/20', 'Платье', 10, 6, 'весна-лето 2020', '100%вискоза.', 7900, 1580119592, 7900),
('425319', '42/53/19', 'Платье', 10, 6, 'весна-лето 2019', '100%вискоза.', 8200, 1551279173, 8200),
('427820', '42/78/20', 'Платье', 10, 6, 'весна-лето 2020', '52%вискоза,48%п/э.', 8200, 1580123771, 8200),
('42819', '42/8/19', 'платье', 10, 6, 'весна-лето', '100%вискоза', 7900, 1548499558, 7900),
('4303', '4303', 'жакет', 12, 5, 'весна-лето', '80%вискоза,11%п/э,9%эл.', 3900, 1549191203, 3900),
('43203', '43-203', 'туника', 13, 6, 'осень-зима 2019-2020', '100%вискоза.', 8900, 1563807487, 8900),
('4325420', '43/254/20', 'Платье', 10, 6, 'осень-зима 2019-2020', '63%вискоза,29%нейлон,4%п/э,4%эл.', 8900, 1572352729, 8900),
('433719', '43/37/19', 'Платье', 10, 6, 'весна-лето 2019', '56%вискоза,44%п/э.', 7200, 1551283290, 7200),
('434619', '43/46/19', 'Платье', 10, 6, 'весна-лето 2019', '96%вискоза,4%эл.', 7900, 1551283058, 7900),
('435019', '43/50/19', 'Платье', 10, 6, 'весна-лето 2019', '97%вискоза,3%эл.', 8200, 1551283174, 8200),
('438319', '43/83/19', 'Сарафан ', 10, 6, 'весна-лето 2019', '100%вискоза.', 7900, 1556108353, 7900),
('4424420', '44/244/20', 'Платье', 10, 6, 'осень-зима 2019-2020', '52%п/э,47%вискоза,1%эл.', 8900, 1572352937, 8900),
('4426520', '44/265/20', 'Платье', 10, 6, 'осень-зима 2019-2020', '69%шерсть,30%п/э,1%эл.', 8900, 1572350691, 8900),
('451419', '45/14/19', ' платье', 10, 6, ' весна - лето', '70%вискоза,30%п/а.', 9400, 1549023332, 9400),
('45210', '45-210', 'Платье', 10, 6, 'осень-зима 2019', '97%вискоза,3%эл.', 9800, 1563875466, 9800),
('4628320', '46/283/20', 'Платье', 10, 6, 'осень-зима 2019-2020', '52%вискоза,48%п/э.', 11500, 1572350840, 11500),
('5024', '5024', 'пальто+жилет', 4, 18, 'осень-зима 2019-2020', 'утеплитель-изософт', 14500, 1564053525, 14500),
('5025', '5025', 'Пальто', 4, 18, 'Зима 2018', 'Изософт', 15500, 1550590102, 15500),
('5038', '5038', 'Жилет', 4, 18, 'осень-зима 2019', 'утеплитель-изософт', 14500, 1563879213, 14500),
('567', 'М-567', 'Полупальто', 4, 21, 'Осень-зима 2019', 'искусственный мех под альпаку', 11000, 1566999087, 11000),
('580', 'М-580', 'Пальто демисезонное', 4, 21, 'Осень-зима 2019', '80%шерсть,10%вискоза,10%п/э.', 14000, 1566990803, 14000),
('584', 'М-584', 'Пальто демисезонное', 4, 21, 'Осень-зима 2019', 'искусственный мех под альпаку', 18500, 1566990607, 18500),
('585', 'М-585', 'Пальто демисезонное', 4, 21, 'Осень-зима 2019', '80%шерсть,10%вискоза,10%п/э.', 17500, 1566993941, 17500),
('587', 'М-587', 'Пальто демисезонное', 4, 21, 'Осень-зима 2019', '80%шерсть,10%вискоза,10%п/э.', 17500, 1566995394, 17500),
('60191', '6019-1', 'Пальто', 4, 18, 'Зима 2018', 'Изософт', 19800, 1541679024, 19800),
('6025', '6025', 'Пальто', 4, 18, 'Зима 2018', 'Изософт/коза', 14700, 1541679982, 24500),
('60291', '6029-1', 'Пальто', 4, 18, 'Зима 2018', 'Изософт', 15500, 1550590036, 15500),
('6033', '6033', 'Пальто дизайнерское стеганое', 4, 18, 'осень-зима 2019-2020', 'утеплитель-изософт, мех-песец,норка', 15500, 1563798968, 15500),
('6037', '6037', 'пальто шерсть', 4, 18, 'осень-зима 2019-2020', 'искусственный мех', 17900, 1564053963, 17900),
('61320', '61/3/20', 'Жакет', 23, 6, 'весна-лето 2020', '68%лен,32%х/б.', 7500, 1580125417, 7500),
('6320620', '63/206/20', 'Жакет', 23, 6, 'осень-зима 2019-2020', '52%вискоза,48%п/э.', 8900, 1572349623, 8900),
('634219', '63/42/19', 'Жакет', 8, 6, 'весна-лето', '71%хлопок,26%п/э,3%эластан;95%ацетат;5%эл.', 8500, 1548502781, 8500),
('635720', '63/57/20', 'Жакет', 23, 6, 'весна-лето 2020', '90%вискозы,10%п/э.', 9300, 1580125601, 9300),
('6726819', '67/268/19', 'Жакет шерстяной твидовый', 23, 6, 'осень-зима 2019-2020', '69%шерсть,30%п/э,1%эл.', 13900, 1566309330, 13900),
('7468', '7468А', 'Пальто жен.д/с', 4, 19, 'Весна 2019', '80%шерсть, 15%альпака,5%нейлон.', 21900, 1550595238, 21900),
('778', '778', 'Шуба ЭКО мех', 4, 23, 'Зима 2019-2020', '70%п/э,30%вискоза.', 18900, 1573738042, 18900),
('812', '812', 'Шуба ЭКО мех', 4, 23, 'Зима 2019-2020', '70%п/э,30%вискоза.', 15900, 1573740034, 15900),
('8292', '8292', 'Шуба ЭКО мех', 4, 23, 'Зима 2019-2020', '70%п/э,30%вискоза.', 19900, 1573727477, 19900),
('838', 'А838', 'Свитер', 12, 22, 'осень-зима 2019', '100% модаакрил', 6300, 1567946738, 6300),
('863', 'А863', 'Свитер', 12, 22, 'Осень-Зима 2019', '100% п/а.', 5750, 1567854474, 5750),
('889', 'А889', 'Водолазка с горлом', 12, 22, 'осень-зима 2019', '95%вискоза,5%эл.', 4250, 1567947272, 4250),
('89062', '89062', 'Блуза', 12, 16, 'весна-лето 2019', '20%лен,25%тенсел,55%акрил.', 4500, 1560687973, 4500),
('891', '891', 'Шуба ЭКО мех', 4, 23, 'Зима 2019-2020', '70%п/э,30%вискоза.', 21900, 1573739205, 21900),
('897', 'А897', 'Жакет', 12, 22, 'осень-зима 2019', '95%вискоза,5%эл.', 9500, 1567947683, 9500),
('8971', 'А897/1', 'Жакет', 12, 22, 'осень-зима 2019', '63%м/а,20%шерсть,9%п/а,8%вискоза.', 7750, 1567961737, 7750),
('910', '910', 'Шуба ЭКО мех', 4, 23, 'Зима 2019-2020', '70%п/э,30%вискоза.', 24500, 1573740193, 24500),
('9102', '910/2', 'Шуба ЭКО мех', 4, 23, 'Зима 2019-2020', '70%п/э,30%вискоза.', 26500, 1573738505, 26500),
('913', '913', 'Шуба ЭКО мех', 4, 23, 'Зима 2019-2020', '70%п/э,30%вискоза.', 24500, 1573740310, 24500),
('932', '932', 'Шуба ЭКО мех', 4, 23, 'Зима 2019-2020', '70%п/э,30%вискоза.', 24500, 1573737061, 24500),
('939', '939', 'Юбка', 14, 16, 'Зима 2018', '80%шерсть;20%п/э.', 6500, 1544002835, 6500),
('9441', '944-1', 'Юбка-брюки', 3, 16, 'Зима 2018', '80%шерсть;20%п/э.', 6500, 1544002690, 6500),
('953135', '953135', 'Юбка цветная', 14, 17, 'Лето 2019', '70%п/э,25%вискоза,5%эл.', 5500, 1562154021, 5500),
('955130', '955130', 'Брюки зауженные', 3, 17, 'Лето 2019', '97%х/б,3%эл.', 5900, 1562154498, 5900),
('957462', '957462', 'Футболка черная', 2, 17, 'Лето 2019', '95%вискоза,5%эл.', 3900, 1562154262, 3900),
('957680', '957680', 'Платье полоска', 10, 17, 'Лето 2019', '69%х/б,29%п/э,2%эл.', 6900, 1562153593, 6900),
('958345', '958345', 'Платье полоска', 10, 17, 'Лето 2019', '95%вискоза,5%эл.', 5900, 1562153731, 5900),
('A233', 'A-233', 'Кардиган', 12, 22, 'Осень-зима 2019', '30%мохер, 70%модакрил.', 6500, 1566746491, 6500),
('AIDA', 'AIDA', 'Топ', 12, 8, 'весна-лето 2019', '60%вискоза.23%п/э,14%акрил,3%эл.', 3900, 1550228955, 3900),
('ALBERINABLUE', 'ALBERINABlue', 'Платье', 10, 8, 'Осень - Зима 2018/19', '65% шерсть, 27% п/а, 25% вискоза, 8% кашемир.', 4500, 1549312134, 6500),
('ALISA', 'ALISA', 'Платье', 10, 8, 'весна 2019', '40%шерсть,38%вискоза,10%п/а,8%кашемир,4%п/э.', 7500, 1549633362, 7500),
('ALMADA', 'ALMADA', 'Блуза', 12, 8, 'весна-лето 2019', '75%вискоза,25%п/э.', 4500, 1550228651, 4500),
('ALTIN', 'Altin', 'Блуза', 2, 8, 'зима2018', '47%вискоза;30%шерсть;12%полиамид;5%полиэстр;', 4500, 1544553256, 4500),
('AMBLAR', 'Amblar', 'Жакет', 23, 8, 'весна-лето 2019', '66%вискоза,20%акрил,10%п/э,4%эл.', 6900, 1554295645, 6900),
('ARDILA', 'Ardila', 'Свитер', 12, 8, 'осень-зима 2019-2020', '63%вискоза.8%п/э,15%акрил,10%п/а,,4%эл.', 6900, 1564321556, 6900),
('BALUARTE', 'Baluarte', 'Жакет', 12, 8, 'осень-зима 2019-2020', '63%вискоза.8%п/э,15%акрил,10%п/а,,4%эл.', 8900, 1564321900, 8900),
('BORMIDA', 'BORMIDA', 'Жилет', 12, 8, 'весна-лето 2019', '63%вискоза.8%п/э,15%акрил,10%п/а,,4%эл.', 6500, 1550229393, 6500),
('CEDRUS', 'CEDRUS', ' Кардиган', 12, 8, ' весна - лето', '48%акрил,27%акрил,15%лен,10%п/э.', 7200, 1549025178, 7200),
('DROSERA', 'DROSERA', 'Блуза трикотаж', 2, 8, 'весна-лето 2019', '78%вискоза,10%акрил,4%п/э,4%п/а,4%эл.', 4900, 1556108122, 4900),
('DUERO', 'Duero', 'Пончо', 12, 8, 'осень-зима 2019-2020', '63%вискоза.8%п/э,15%акрил,10%п/а,,4%эл.', 8900, 1564322041, 8900),
('ECP192042401', 'ECP192042401', 'Платье', 10, 7, 'весна-лето 2019', '60%х/б,40%п/э.', 21000, 1553261519, 21000),
('ECP196055903', 'ECP196055903', 'Брюки', 3, 7, 'весна-лето 2019', '70%х/б,26%п/а,4%эл.', 19700, 1553258493, 19700),
('EJP192061301', 'EJP192061301', 'Платье', 10, 7, 'Лето 2019', '97%х/б,3%эл.', 23700, 1550748614, 23700),
('EJP193017200', 'ЭEJP193017200', 'Юбка', 14, 7, 'весна-лето 2019', '97%вискоза,3%эл.', 17500, 1559819901, 17500),
('EJP193019912', 'ЭEJP193019912', 'Джинсовая юбка', 14, 7, 'весна-лето 2019', '98%х/б,2%эл.', 17800, 1559819037, 17800),
('EJP196002808', 'EJP196002808', 'Джинсы', 3, 7, 'весна-лето 2019', '92%х/б,8%эл.', 17900, 1553259009, 17900),
('EJP196011801', 'EJP196011801', 'Джинсы', 3, 7, 'весна-лето 2019', '92%х/б,8%эл.', 9900, 1553259372, 9900),
('EJP196019909', 'ЭEJP196019909', 'Брюки с лампасами', 3, 7, 'весна-лето 2019', '76%п/э,21%вискоза,3%эл.', 9800, 1559819438, 9800),
('EJP196019911', 'EJP196019911', 'Джинсы', 3, 7, 'весна-лето 2019', '98%х/б,2%эл.', 17500, 1553258879, 17500),
('EJP197061300', 'EJP197061300', 'Жакет', 8, 7, 'Лето 2019', '97%х/б,3%эл.', 19900, 1550748119, 19900),
('EJW192009112', 'EJW192009112', 'Туника трикотажная', 12, 7, 'Осень-зима 2019-2020', '90%вискоза,10%эл.', 18900, 1573641412, 18900),
('EJW194018101', 'EJW194018101', 'Юбка', 12, 7, 'Осень-зима 2019-2020', '85%х/б,15%шерсть.', 13900, 1573646529, 13900),
('EJW196009107', 'EJW 196009107', 'Джинсы светлые', 6, 7, 'Осень-зима 2019-2020', '98%х/б,2%эл.', 14900, 1573640844, 14900),
('ELP152012706', 'ELP152012706', 'Платье', 10, 7, 'Лето ', '95%х/б,5%эл.', 9500, 1549209119, 13100),
('ELP190505506', 'ELP190505506', 'Ожерелье', 1, 7, 'весна-лето 2019', 'бижутрия', 10500, 1553262210, 10500),
('ELP190505510', 'ELP190505510', 'Ожерелье', 1, 7, 'весна-лето 2019', 'бижутрия', 7300, 1553262460, 7300),
('ELP190505511', 'ELP190505511', 'Ожерелье', 1, 7, 'весна-лето 2019', 'бижутрия', 13200, 1553262295, 13200),
('ELP190505512', 'ELP190505512', 'Ожерелье', 1, 7, 'весна-лето 2019', 'бижутрия', 8900, 1553262391, 8900),
('ELP190505515', 'ELP190505515', 'Ожерелье', 1, 7, 'весна-лето 2019', 'бижутрия', 14500, 1553262525, 14500),
('ELP19050730', 'ELP19050730', 'Ожерелье', 1, 7, 'весна-лето 2019', 'бижутрия', 10500, 1553262587, 10500),
('ELP190507303', 'ELP190507303', 'Ожерелье', 1, 7, 'весна-лето 2019', 'бижутрия', 10500, 1553262796, 10500),
('ELP190507306', 'ELP190507306', 'Ожерелье', 1, 7, 'весна-лето 2019', 'бижутрия', 15800, 1553262720, 15800),
('ELP190686501', 'ELP190686501', 'Сумка', 1, 7, 'весна-лето 2019', 'кожа натуральная', 34200, 1553261763, 34200),
('ELP190686503', 'ELP190686503', 'Сумка', 1, 7, 'весна-лето 2019', 'кожа натуральная', 31600, 1553261897, 31600),
('ELP190686506', 'ELP190686506', 'Сумка', 1, 7, 'весна-лето 2019', 'кожа натуральная', 34200, 1553261990, 34200),
('ELP191003706', 'ELP191003706', 'Рубашка', 2, 7, 'весна-лето 2019', '92%х/б,8%эл.', 13900, 1553259797, 13900),
('ELP194021700', 'ELP194021700', 'Полувер вязанный', 2, 7, 'весна-лето 2019', '95%вискоза,5%эл.', 17500, 1553260340, 17500),
('ELP195002819', 'ELP195002819', 'Рубашка', 2, 7, 'весна-лето 2019', '95%х/б,5%эл.', 13900, 1553259877, 13900),
('ELP196018106', 'ELP196018106', 'Джинсы', 3, 7, 'весна-лето 2019', '95%вискоза,5%эл.', 18400, 1553260476, 18400),
('ELP199018108', 'ELP199018108', 'Топ', 2, 7, 'весна-лето 2019', '95%вискоза,5%эл.', 8900, 1553260156, 8900),
('ELP199071200', 'ELP199071200', 'Топ', 2, 7, 'весна-лето 2019', '95%п/а,5%эл.', 10900, 1553260009, 10900),
('ELW', 'ELW194003701', 'Свитер  комбинированный', 12, 7, 'Осень-зима 2019-2020', '100%шерсть; 95%х/б,5%эл.', 21500, 1573641036, 21500),
('ELW173040603', 'ELW173040603', 'Юбки', 14, 7, 'Лето ', '100%х/б.', 10500, 1549209377, 14500),
('ELW191004602', 'ELW191004602', 'Блуза', 12, 7, 'Осень-зима 2019-2020', '100%вискоза', 19900, 1573647135, 19900),
('ELW193006403', 'ELW193006403', 'Юбка', 8, 7, 'Осень-зима 2019-2020', '96%вискоза, 4%эластан.', 14500, 1573641894, 14500),
('ELW195044202', 'ELW195044202', 'Блуза', 12, 7, 'Осень-зима 2019-2020', '90%вискоза,10%эл.', 16500, 1573641666, 16500),
('ELW197006402', 'ELW197006402', 'Пиджак', 8, 7, 'Осень-зима 2019-2020', '96%вискоза, 4%эластан.', 17900, 1573641817, 17900),
('FELICJA', 'FELICJA', 'Платье оливковое', 10, 8, 'весна-лето 2019', '63%вискоза.8%п/э,15%акрил,10%п/а,,4%эл.', 7750, 1555500187, 7750),
('FOLGARIA', 'FOLGARIA', 'Блуза', 12, 8, 'весна 2019', '75%вискоза,25%п/э.', 4900, 1550228431, 4900),
('FUMARIA2', 'FUMARIA 2', 'Блуза', 12, 8, ' весна - лето', '80% вискоза,20%п/э.', 4500, 1549025429, 4500),
('GLADIOLA2', 'Gladiola', 'Блуза', 12, 8, 'Осень 2018', '63%вискоза;25%шерсть;9%полиамид;3%эластан', 3900, 1542021467, 3900),
('HERMES', 'HERMES', 'Жакет', 23, 8, 'Весна-лето 2020', '60%вискоза,25%акрил,5%эластан.', 8900, 1580214211, 8900),
('JP191012704', 'ЕJP191012704', 'Блуза красная', 2, 7, 'весна-лето 2019', '100%х/б,75%вискоза,25%нейлон.', 16500, 1559824347, 16500),
('JP191016302', 'ЕJP191016302', 'Блуза ', 2, 7, 'весна-лето 2019', '68%х/б.30%нейлон,2%эл.', 16500, 1559824613, 16500),
('JP191019906', 'ЕJP191019906', 'Джинсовая рубашка', 2, 7, 'весна-лето 2019', '100%тенсель', 16500, 1559827451, 16500),
('JP191027101', 'ЕJP191027101', 'Кафтан красный', 2, 7, 'весна-лето 2019', '100%лен;100х/б;95%вискоза,5%эл.', 16500, 1559827718, 16500),
('JP191027102', 'ЕJP191027102', 'Блуза белая', 2, 7, 'весна-лето 2019', '100%лен;100х/б;95%вискоза,5%эл.', 14900, 1559827966, 14900),
('JP192002811', 'ЕJP192002811', 'Платье голубое', 10, 7, 'весна-лето 2019', '100%вискоза;95%вискоза,5%эл;100%лайкра.', 24500, 1559830209, 24500),
('JP192017204', 'ЕJP192017204', 'Платье джинсовое', 10, 7, 'весна-лето 2019', '100%вискоза;95%х/б,5%эл;100%лайкра.', 24500, 1559829804, 24500),
('JP192019902', 'ЕJP192019902', 'Платье джинсовое', 10, 7, 'весна-лето 2019', '100%тенсель', 19800, 1559830579, 19800),
('JP192027103', 'ЕJP192027103', 'Платье льняное', 10, 7, 'весна-лето 2019', '100%лен;100х/б;95%вискоза,5%эл.', 19500, 1559830820, 19500),
('JP192036100', 'ЕJP192036100', 'Туника', 13, 7, 'весна-лето 2019', '100%вискоза;100%х/б.', 16500, 1559831146, 16500),
('JP195049606', 'ЕJP195049606', 'Топ белый', 2, 7, 'весна-лето 2019', '70%вискоза,30%п/э.', 14900, 1559823388, 14900),
('JP1960199091', 'ЭЕJP196019909-1', 'Брюки с лампасами', 3, 7, 'весна-лето 2019', '76%п/э,21%вискоза,3%эл.', 9800, 1559821169, 9800),
('JP199019903', 'ЭЕJP199019903', 'Топ джинсовый', 2, 7, 'весна-лето 2019', '100%тенсель', 10900, 1559821819, 10900),
('JP199067604', 'ЕJP199067604', 'Топ цветной', 2, 7, 'весна-лето 2019', '100%вискоза.', 14900, 1559823656, 14900),
('KARDAMENA', 'Kardamena', 'Блуза', 2, 8, 'Весна 2018', '70%вискоза;24%акрил;4%эластан;2%полиэстер', 4500, 1543396409, 4500),
('KARDIA', 'Kardia', 'Блуза', 12, 8, 'Осень 2019', '70%вискоза,20%акрил,6%п/э,4%эл.', 4500, 1565702657, 4500),
('KAWAJA', 'KAWAJA', 'Блуза', 12, 8, 'осень-зима 2019-2020', '60%вискоза.25%п/э,9%п/а,3%эл.', 5900, 1566308815, 5900),
('LINO', 'LINO', 'Кардиган', 12, 8, 'весна 2019', '45%акрил,45%вискоза,15%лен.', 6500, 1553263403, 6500),
('LISTERA', 'LISTERA', 'блуза', 12, 8, 'весна-лето', '94%вискоза,6%эл.', 4500, 1549192169, 4500),
('LP183070302181', 'ЭЕLP183070302/18-1', 'Юбка', 14, 7, 'Лето 2018', '100%вискоза', 12950, 1549207729, 18500),
('M211', 'M-21-1', 'Корсет красный', 1, 3, 'Коллекция 2019', 'Сатин', 22500, 1564920975, 22500),
('M22', 'M-22', 'Корсет', 1, 3, 'Коллекция 2019', 'Сатин', 21500, 1564919292, 21500),
('M23', 'M-23', 'Корсет в полоску', 1, 3, 'Коллекция 2019', 'Сатин', 20500, 1564919625, 20500),
('METIS', 'METIS', ' Кардиган', 12, 8, ' весна - лето', '67%виск,14%акрил,10%шерсть,5%п/а,4%эл.', 7200, 1549024321, 7200),
('MONTIANO', 'Montiano', 'Кардиган', 12, 8, 'Осень 2018', '70%вискоза;30%полиэстр', 8900, 1542031080, 8900),
('NAVON', 'NAVON', 'Кардиган', 12, 8, 'весна-лето 2019', '60%вискоза.25%п/э,15%акрил..', 8900, 1550229623, 8900),
('NEFELE', 'NEFELE', 'Блуза', 2, 8, 'Весна-лето 2020', '65%вискоза,20%акрил,5%эластан.', 5900, 1580213708, 5900),
('NEPTUN', 'NEPTUN', ' Кардиган', 12, 8, ' весна - лето', '67%виск,14%акрил,10%шерсть,5%п/а,4%эл.', 8900, 1549024466, 8900),
('NOMI', 'NOMI', 'Блуза голубая', 2, 8, 'весна-лето 2019', '70%вискоза,20%акрил,6%п/э,4%эл.', 5500, 1555501458, 5500),
('ORDESA1', 'Ordesa 1', 'Блуза', 12, 8, 'Осень2018', '80%вискоза;11%полиэстер;9%полиамид', 4500, 1542018051, 4500),
('OSLO', 'Oslo', 'Пончо', 12, 8, 'Осень-зима 2019', '63%вискоза,25%шерсть,', 6900, 1567949089, 6900),
('PERSEFONA', 'PERSEFONA', 'Блуза', 2, 8, 'Весна-лето 2020', '67%вискоза,20%акрил,4п/э.', 4500, 1580213151, 4500),
('R5', 'R-5', 'Корсет', 1, 3, 'Коллекция 2019', 'Сатин', 20500, 1564918645, 20500),
('RMD125219DB', 'RMD1252-19DB', 'Рубашка х/б', 2, 2, 'лето 2019', '100%х/б', 2950, 1557222665, 2950),
('RMD126819DB', 'RMD1268-19DB', 'Рубашка', 2, 2, 'весна-лето 2019', '100%х/б', 3500, 1554299799, 3500),
('RMD128219DF', 'RMD1282-19DF', 'Футболка', 2, 2, 'Лето 2019', '95%х/б,5%эл', 3500, 1557223475, 3500),
('RMD130319DF', 'RMD1303-19DF', 'Футболка', 2, 2, 'Лето 2019', '70%п/э,30%вискоза.', 2950, 1557223612, 2950),
('RMD193719DD', 'RMD1937-19DD', 'Платье', 10, 2, 'Лето 2019', '70%п/э,25%х/б,5%эл.', 6600, 1554484776, 6600),
('RMD197419DS', 'RMD1974-19DS', 'Костюм', 8, 2, 'Весна-Лето 2019', '65%п/э,30%вискоза,5%эл.', 6500, 1554484061, 6500),
('RMD198019DD', 'RMD1980-19DD', 'Платье-рубаха', 10, 2, 'Лето 2019', '70%п/э,20%вискоза,10%эл.', 4550, 1557223820, 4550),
('RMD198419DS1', 'RMD1984-19DS-1', 'Костюм', 8, 2, 'Весна-Лето 2019', '65%п/э,30%вискоза,5%эл.', 6500, 1554483607, 6500),
('SOLEA', 'SOLEA', 'Блуза', 12, 8, 'осень-зима 2019-2020', '60%вискоза.23%п/э,14%акрил,3%эл.', 4900, 1565277817, 4900),
('SUKNIA', 'Suknia', 'Платье', 10, 5, 'осень-зима 2018', '70%вискоза,30%п/э.', 5500, 1549900384, 7900),
('SUKNIAQUOTAGNESEQUOT', 'Suknia&quot;AGNESE&quot;', 'Платье трикотажное', 10, 8, 'осень-зима 2019', '67%вискоза,29%акрил,4%эл.', 8500, 1569485368, 8500),
('SUZANA', 'SUZANA', 'Жилет', 12, 8, 'осень-зима 2019', '47%шерсть,30%вискоза,15%п/а,8%кашемир.', 5900, 1572342067, 5900),
('TAMBRE', 'TAMBRE', 'Свитер полоска фуксия', 12, 8, 'осень-зима 2019', '47%шерсть,30%вискоза,15%п/а,8%кашемир.', 7500, 1569592967, 7500),
('TANARO', 'TANARO', 'Жакет', 12, 8, 'весна-лето 2019', '60%вискоза.23%п/э,14%акрил,3%эл.', 4900, 1550229079, 4900),
('TOLTEN', 'TOLTEN', 'Шерстяной жакет', 23, 8, 'осень-зима 2019-2020', '40%шерсть,38%вискоза,10%п/а,8%кашемир,4%п/э.', 7900, 1565101262, 7900),
('VARIOLA', 'VARIOLA', 'Блуза', 12, 8, 'весна 2019', '80%вискоза,20%п/э.', 4900, 1553263175, 4900);

-- --------------------------------------------------------

--
-- Структура таблицы `m_sizes`
--

CREATE TABLE `m_sizes` (
  `id` int(10) UNSIGNED NOT NULL,
  `size` varchar(255) NOT NULL
) ENGINE=InnoDB DEFAULT CHARSET=utf8;

--
-- Дамп данных таблицы `m_sizes`
--

INSERT INTO `m_sizes` (`id`, `size`) VALUES
(1, 'S'),
(2, 'M'),
(3, 'L'),
(4, 'XL'),
(5, 'XXL'),
(6, '26'),
(7, '28'),
(8, '30'),
(9, '32'),
(10, '34'),
(11, '36'),
(12, '38'),
(13, '40'),
(14, '42'),
(15, '44'),
(16, '46'),
(17, '48'),
(18, '50'),
(19, '52'),
(20, '54'),
(21, '56'),
(22, '36-48'),
(23, 'XXXL'),
(24, 'XS'),
(25, '-');

-- --------------------------------------------------------

--
-- Структура таблицы `m_units`
--

CREATE TABLE `m_units` (
  `id` int(10) UNSIGNED NOT NULL,
  `product_id` varchar(225) NOT NULL,
  `color_id` int(10) UNSIGNED NOT NULL,
  `img` varchar(255) NOT NULL,
  `size_ids` varchar(255) NOT NULL,
  `availability` varchar(255) NOT NULL
) ENGINE=InnoDB DEFAULT CHARSET=utf8;

--
-- Дамп данных таблицы `m_units`
--

INSERT INTO `m_units` (`id`, `product_id`, `color_id`, `img`, `size_ids`, `availability`) VALUES
(1, '0254152', 11, '0254152.jpg', '11,12,13,14,15,', 'В наличии'),
(2, '025416', 19, '025416.jpg', '11,12,13,14,15,', 'В наличии'),
(3, '025420', 35, '025420.jpg', '11,15,', 'В наличии'),
(4, '03255', 18, '03255.jpg', '1,2,3,', 'В наличии'),
(5, '03430', 1, '03430.jpg', '11,12,', 'В наличии'),
(6, '03480', 20, '03480.jpg', '1,2,3,', 'В наличии'),
(7, '03494', 20, '03494.jpg', '1,2,3,', 'В наличии'),
(8, '03902', 1, '03902.jpg', '13,14,15,', 'В наличии'),
(9, '04004', 1, '04004.jpg', '13,14,', 'В наличии'),
(10, '04029', 20, '04029.jpg', '1,2,3,', 'В наличии'),
(11, '0511619', 30, '0511619.jpg', '11,12,13,14,15,16,', 'В наличии'),
(12, '05366401', 35, '05366401.jpg', '11,12,13,14,15,16,', 'В наличии'),
(13, '05367602', 4, '05367602.jpg', '11,12,13,14,15,16,', 'В наличии'),
(14, '068019', 6, '068019.jpg', '11,12,13,14,15,16,', 'В наличии'),
(15, '068019', 23, '0680191.jpg', '11,12,13,14,15,16,', 'В наличии'),
(16, '069019', 5, '069019.jpg', '11,12,13,14,15,16,', 'В наличии'),
(17, '07119', 27, '07119.jpg', '11,12,13,14,15,16,', 'В наличии'),
(18, '07119', 31, '071192.jpg', '11,12,13,14,15,16,', 'В наличии'),
(19, '072719', 4, '072719.jpg', '11,12,13,14,15,16,', 'В наличии'),
(20, '1', 4, '1.jpg', '15,16,17,18,', 'В наличии'),
(21, '112419', 28, '112419.jpg', '11,12,13,14,15,16,', 'В наличии'),
(22, '11319', 5, '11319.jpg', '11,12,13,14,15,16,', 'В наличии'),
(23, '119219', 5, '119219.jpg', '11,12,13,14,15,16,', 'В наличии'),
(24, '1210519', 5, '1210519.jpg', '11,12,13,14,15,16,', 'В наличии'),
(25, '122319', 5, '122319.jpg', '11,12,13,14,15,16,', 'В наличии'),
(26, '12338102', 22, '12338102.jpg', '11,12,13,14,15,16,', 'В наличии'),
(27, '123418', 13, '123418.jpg', '1,2,3,24,', 'В наличии'),
(28, '12366301', 3, '12366301.jpg', '11,12,13,14,15,16,', 'В наличии'),
(29, '124018', 4, '124018.jpg', '1,2,3,4,5,', 'В наличии'),
(30, '125119', 4, '125119.jpg', '1,2,3,24,', 'В наличии'),
(31, '125119', 1, '1251192.jpg', '1,2,3,24,', 'В наличии'),
(32, '125519', 1, '125519.jpg', '1,2,3,24,4,', 'В наличии'),
(33, '1257', 10, '1257.jpg', '12,13,14,15,', 'В наличии'),
(34, '1257', 7, '12571.jpg', '12,13,14,15,', 'В наличии'),
(35, '1257', 21, '12572.jpg', '12,13,14,15,', 'В наличии'),
(36, '126519', 4, '126519.jpg', '1,2,3,24,', 'В наличии'),
(37, '1269', 11, '1269.jpg', '12,13,14,15,', 'В наличии'),
(38, '127819VC', 4, '127819VC.jpg', '1,2,3,24,', 'В наличии'),
(39, '1511292', 11, '1511292.jpg', '1,2,3,4,', 'В наличии'),
(40, '1600031', 3, '1600031.jpg', '2,3,4,', 'В наличии'),
(41, '1605443', 27, '1605443.jpg', '2,3,4,5,', 'В наличии'),
(42, '165', 14, '165.jpg', '2,3,4,5,', 'В наличии'),
(43, '17070', 5, '17070.jpg', '2,3,4,5,', 'В наличии'),
(44, '1730017', 7, '1730017.jpg', '11,12,13,14,15,16,', 'В наличии'),
(45, '18805', 37, '18805.jpg', '2,3,4,', 'В наличии'),
(46, '18830', 25, '18830.jpg', '2,3,4,5,23,', 'В наличии'),
(47, '18865', 26, '18865.jpg', '2,3,4,5,', 'В наличии'),
(48, '18950', 6, '18950.jpg', '1,2,3,4,', 'В наличии'),
(49, '190308', 1, '190308.jpg', '2,3,4,5,', 'В наличии'),
(50, '1905', 23, '1905.jpg', '11,12,13,14,15,16,', 'В наличии'),
(51, '1905888', 3, '1905888.jpg', '2,3,4,', 'В наличии'),
(52, '19110', 44, '19110.jpg', '2,3,4,5,', 'В наличии'),
(53, '191118', 16, '191118.jpg', '1,2,3,24,', 'В наличии'),
(54, '19126', 30, '19126.jpg', '22,', 'В наличии'),
(55, '19128', 30, '19128.jpg', '2,3,4,', 'В наличии'),
(56, '19132', 1, '19132.jpg', '1,2,3,4,5,', 'В наличии'),
(57, '19139', 3, '19139.jpg', '2,3,4,', 'В наличии'),
(58, '19159', 38, '19159.jpg', '2,3,4,5,', 'В наличии'),
(59, '1925717', 12, '1925717.jpg', '11,12,13,14,15,16,', 'В наличии'),
(60, '1933', 4, '1933.jpg', '1,2,3,24,', 'В наличии'),
(61, '1934', 7, '1934.jpg', '1,2,3,24,', 'В наличии'),
(62, '194119', 7, '194119.jpg', '1,2,3,24,', 'В наличии'),
(63, '1942', 1, '1942.jpg', '12,13,14,15,16,', 'В наличии'),
(64, '1948', 18, '1948.jpg', '1,2,3,24,', 'В наличии'),
(65, '2', 10, '2.jpg', '12,13,14,15,16,', 'В наличии'),
(66, '20203181', 16, '20203181.jpg', '11,12,13,14,15,16,', 'В наличии'),
(67, '20203181', 10, '20203182.jpg', '11,12,13,14,15,16,', 'В наличии'),
(68, '2027617', 23, '2027617.jpg', '11,12,13,14,15,16,', 'В наличии'),
(69, '20311', 36, '20311.jpg', '11,12,13,14,15,', 'В наличии'),
(71, '20D20918', 35, '20D20918.jpg', '11,12,13,14,15,16,', 'В наличии'),
(72, '216319', 1, '216319.jpg', '11,12,13,14,15,16,', 'В наличии'),
(73, '2228317', 5, '2228317.jpg', '11,12,13,14,15,16,', 'В наличии'),
(74, '22419', 32, '22419.jpg', '11,12,13,14,1518,16,', 'В наличии'),
(75, '224319', 30, '224319.jpg', '11,12,13,14,15,16,', 'В наличии'),
(76, '22519', 23, '22519.jpg', '11,12,13,14,15,16,', 'В наличии'),
(77, '229519', 30, '229519.jpg', '11,12,13,14,15,16,', 'В наличии'),
(78, '231319', 5, '231319.jpg', '11,12,13,14,15,16,', 'В наличии'),
(79, '23419', 33, '23419.jpg', '11,12,13,14,15,16,', 'В наличии'),
(81, '2825818', 1, '2825818.jpg', '11,12,13,14,15,16,', 'В наличии'),
(82, '2825818', 17, '28258181.jpg', '11,12,13,14,15,16,', 'В наличии'),
(83, '2825818', 10, '28258182.jpg', '11,12,13,14,15,16,', 'В наличии'),
(84, '29262', 35, '29262.jpg', '11,12,13,14,15,16,', 'В наличии'),
(85, '3', 45, '3.jpg', '12,13,14,', 'В наличии'),
(86, '30181', 1, '30181.jpg', '11,12,13,14,15,16,', 'В наличии'),
(87, '30181', 20, '30183.jpg', '11,12,13,14,15,16,', 'В наличии'),
(88, '3026', 24, '3026.jpg', '15,16,17,18,', 'В наличии'),
(89, '328419', 5, '328419.jpg', '11,12,13,14,15,16,', 'В наличии'),
(90, '335119', 30, '335119.jpg', '11,12,13,14,15,16,', 'В наличии'),
(91, '349819', 20, '349819.jpg', '11,12,13,14,15,16,', 'В наличии'),
(92, '40255', 10, '40255.jpg', '11,12,13,14,15,16,', 'В наличии'),
(93, '406919', 8, '406919.jpg', '11,12,13,14,15,', 'В наличии'),
(94, '4171', 22, '4171.jpg', '1,2,3,4,', 'В наличии'),
(95, '4171', 9, '41711.jpg', '1,2,3,4,', 'В наличии'),
(96, '4171', 18, '41712.jpg', '1,2,3,4,', 'В наличии'),
(98, '425319', 32, '425319.jpg', '11,12,13,14,15,16,', 'В наличии'),
(99, '42819', 29, '42819.jpg', '11,12,13,14,15,', 'В наличии'),
(100, '4303', 22, '4303.jpg', '1,2,3,4,5,', 'В наличии'),
(101, '433719', 13, '433719.jpg', '11,12,13,14,15,', 'В наличии'),
(102, '434619', 30, '434619.jpg', '11,12,13,14,15,16,', 'В наличии'),
(103, '435019', 30, '435019.jpg', '11,12,13,14,15,16,', 'В наличии'),
(104, '438319', 27, '438319.jpg', '11,12,13,14,15,16,', 'В наличии'),
(105, '451419', 25, '451419.jpg', '11,12,13,14,15,16,', 'В наличии'),
(106, '5025', 6, '5025.jpg', '11,12,13,14,15,16,', 'В наличии'),
(107, '60191', 1, '60191.jpg', '11,12,13,14,15,16,', 'В наличии'),
(108, '60191', 16, '60192.jpg', '11,12,13,14,15,16,', 'В наличии'),
(109, '6025', 3, '6025.jpg', '11,12,13,14,15,16,', 'В наличии'),
(110, '6025', 1, '60251.jpg', '11,12,13,14,15,16,', 'В наличии'),
(111, '60291', 22, '60291.jpg', '11,12,13,14,15,16,', 'В наличии'),
(112, '634219', 33, '634219.jpg', '11,12,13,14,15,16,', 'В наличии'),
(113, '7468', 21, '7468.jpg', '11,12,13,14,15,', 'В наличии'),
(114, '89062', 10, '89062.jpg', '2,3,4,5,', 'В наличии'),
(115, '939', 14, '939.jpg', '2,3,4,5,', 'В наличии'),
(116, '9441', 36, '9441.jpg', '2,3,4,5,', 'В наличии'),
(117, '9441', 14, '9442.jpg', '2,3,4,5,', 'В наличии'),
(118, '953135', 29, '953135.jpg', '13,14,15,16,', 'В наличии'),
(119, '955130', 13, '955130.jpg', '13,14,15,16,', 'В наличии'),
(120, '957462', 1, '957462.jpg', '13,14,15,16,', 'В наличии'),
(121, '957680', 43, '957680.jpg', '13,14,15,16,', 'В наличии'),
(122, '958345', 31, '958345.jpg', '12,13,14,15,16,17,', 'В наличии'),
(123, 'AIDA', 13, 'AIDA.jpg', '1,2,3,4,', 'В наличии'),
(124, 'ALBERINABLUE', 7, 'ALBERINABLUE.jpg', '1,2,3,4,', 'В наличии'),
(125, 'ALISA', 10, 'ALISA.jpg', '1,2,3,4,', 'В наличии'),
(126, 'ALMADA', 7, 'ALMADA.jpg', '1,2,3,4,', 'В наличии'),
(127, 'ALTIN', 10, 'ALTIN.jpg', '1,2,3,4,', 'В наличии'),
(128, 'AMBLAR', 1, 'AMBLAR.jpg', '1,2,3,4,', 'В наличии'),
(129, 'BORMIDA', 2, 'BORMIDA.jpg', '1,2,3,4,', 'В наличии'),
(130, 'CEDRUS', 10, 'CEDRUS.jpg', '1,2,3,4,', 'В наличии'),
(131, 'DROSERA', 30, 'DROSERA.jpg', '1,2,3,4,', 'В наличии'),
(132, 'ECP192042401', 46, 'ECP192042401.jpg', '1,2,3,4,5,', 'В наличии'),
(133, 'ECP196055903', 4, 'ECP196055903.jpg', '11,12,13,14,15,16,17,', 'В наличии'),
(134, 'EJP192061301', 38, 'EJP192061301.jpg', '1,2,3,4,5,24,', 'В наличии'),
(135, 'EJP193017200', 30, 'EJP193017200.jpg', '2,3,4,5,', 'Под заказ'),
(136, 'EJP193019912', 34, 'EJP193019912.jpg', '6,7,8,9,10,11,', 'Под заказ'),
(137, 'EJP196002808', 7, 'EJP196002808.jpg', '6,7,8,9,10,11,', 'В наличии'),
(138, 'EJP196011801', 13, 'EJP196011801.jpg', '6,7,8,9,10,11,', 'В наличии'),
(139, 'EJP196019909', 5, 'EJP196019909.jpg', '2,3,4,5,', 'Под заказ'),
(140, 'EJP196019911', 34, 'EJP196019911.jpg', '6,7,8,9,10,11,', 'В наличии'),
(141, 'EJP197061300', 38, 'EJP197061300.jpg', '1,2,3,4,5,24,', 'В наличии'),
(142, 'ELP152012706', 37, 'ELP152012706.jpg', '1,2,3,4,5,', 'В наличии'),
(143, 'ELP190505506', 5, 'ELP190505506.jpg', '25,', 'В наличии'),
(144, 'ELP190505510', 5, 'ELP190505510.jpg', '25,', 'В наличии'),
(145, 'ELP190505511', 5, 'ELP190505511.jpg', '25,', 'В наличии'),
(146, 'ELP190505512', 5, 'ELP190505512.jpg', '25,', 'В наличии'),
(147, 'ELP190505515', 5, 'ELP190505515.jpg', '25,', 'В наличии'),
(148, 'ELP19050730', 5, 'ELP19050730.jpg', '25,', 'В наличии'),
(149, 'ELP190507303', 5, 'ELP190507303.jpg', '25,', 'В наличии'),
(150, 'ELP190507306', 5, 'ELP190507306.jpg', '25,', 'В наличии'),
(151, 'ELP190686501', 5, 'ELP190686501.jpg', '25,', 'В наличии'),
(152, 'ELP190686503', 7, 'ELP190686503.jpg', '25,', 'В наличии'),
(153, 'ELP190686506', 23, 'ELP190686506.jpg', '25,', 'В наличии'),
(154, 'ELP191003706', 37, 'ELP191003706.jpg', '1,2,3,4,5,', 'В наличии'),
(155, 'ELP194021700', 18, 'ELP194021700.jpg', '1,2,3,4,5,', 'В наличии'),
(156, 'ELP195002819', 7, 'ELP195002819.jpg', '1,2,3,4,5,', 'В наличии'),
(157, 'ELP196018106', 34, 'ELP196018106.jpg', '6,7,8,9,10,11,', 'В наличии'),
(158, 'ELP199018108', 43, 'ELP199018108.jpg', '1,2,3,4,5,', 'В наличии'),
(159, 'ELP199071200', 4, 'ELP199071200.jpg', '1,2,3,4,5,', 'В наличии'),
(160, 'ELW173040603', 4, 'ELW173040603.jpg', '1,2,3,4,5,', 'В наличии'),
(161, 'FELICJA', 42, 'FELICJA.jpg', '1,2,3,4,', 'В наличии'),
(162, 'FOLGARIA', 1, 'FOLGARIA.jpg', '1,2,3,4,', 'В наличии'),
(163, 'FUMARIA2', 10, 'FUMARIA2.jpg', '1,2,3,4,', 'В наличии'),
(164, 'FUMARIA2', 7, 'FUMARIA21.jpg', '1,2,3,4,', 'В наличии'),
(165, 'FUMARIA2', 20, 'FUMARIA22.jpg', '1,2,3,4,', 'В наличии'),
(166, 'GLADIOLA2', 10, 'GLADIOLA2.jpg', '1,2,3,4,', 'В наличии'),
(167, 'JP191012704', 13, 'JP191012704.jpg', '1,2,', 'Под заказ'),
(168, 'JP191016302', 5, 'JP191016302.jpg', '1,2,', 'Под заказ'),
(169, 'JP191019906', 34, 'JP191019906.jpg', '1,5,', 'Под заказ'),
(170, 'JP191027101', 13, 'JP191027101.jpg', '1,', 'Под заказ'),
(171, 'JP191027102', 5, 'JP191027102.jpg', '3,4,5,', 'Под заказ'),
(172, 'JP192002811', 7, 'JP192002811.jpg', '2,3,', 'Под заказ'),
(173, 'JP192017204', 30, 'JP192017204.jpg', '2,3,', 'Под заказ'),
(174, 'JP192019902', 34, 'JP192019902.jpg', '2,3,24,', 'Под заказ'),
(175, 'JP192027103', 5, 'JP192027103.jpg', '2,3,5,', 'Под заказ'),
(176, 'JP192036100', 5, 'JP192036100.jpg', '1,2,3,4,', 'Под заказ'),
(177, 'JP195049606', 5, 'JP195049606.jpg', '1,', 'Под заказ'),
(178, 'JP1960199091', 10, 'JP1960199091.jpg', '2,3,4,5,', 'Под заказ'),
(179, 'JP199019903', 34, 'JP199019903.jpg', '2,3,4,5,', 'Под заказ'),
(180, 'JP199067604', 33, 'JP199067604.jpg', '1,2,', 'Под заказ'),
(181, 'KARDAMENA', 1, 'KARDAMENA.jpg', '1,2,3,4,', 'В наличии'),
(182, 'KARDAMENA', 4, 'KARDAMENA1.jpg', '1,2,3,4,', 'В наличии'),
(183, 'KARDAMENA', 2, 'KARDAMENA2.jpg', '1,2,3,4,', 'В наличии'),
(184, 'LINO', 5, 'LINO.jpg', '1,2,3,4,', 'В наличии'),
(185, 'LISTERA', 31, 'LISTERA.jpg', '1,2,3,4,', 'В наличии'),
(186, 'LP183070302181', 7, 'LP183070302181.jpg', '1,2,3,4,', 'В наличии'),
(187, 'METIS', 30, 'METIS.jpg', '1,2,3,4,', 'В наличии'),
(188, 'MONTIANO', 13, 'MONTIANO.jpg', '1,2,3,4,', 'В наличии'),
(189, 'MONTIANO', 1, 'MONTIANO1.jpg', '1,2,3,4,', 'В наличии'),
(190, 'NAVON', 12, 'NAVON.jpg', '1,2,3,4,', 'В наличии'),
(191, 'NEPTUN', 30, 'NEPTUN.jpg', '1,2,3,4,', 'В наличии'),
(192, 'NOMI', 7, 'NOMI.jpg', '1,2,3,4,', 'В наличии'),
(193, 'ORDESA1', 17, 'ORDESA1.jpg', '1,2,3,4,', 'В наличии'),
(194, 'ORDESA1', 13, 'ORDESA12.jpg', '1,2,3,4,', 'В наличии'),
(195, 'ORDESA1', 2, 'ORDESA13.jpg', '1,2,3,4,', 'В наличии'),
(196, 'ORDESA1', 4, 'ORDESA15.jpg', '1,2,3,4,', 'В наличии'),
(197, 'RMD125219DB', 5, 'RMD125219DB.jpg', '1,2,3,4,5,', 'В наличии'),
(198, 'RMD125219DB', 23, 'RMD125219DB.jpg', '1,2,3,4,5,', 'В наличии'),
(199, 'RMD126819DB', 5, 'RMD126819DB.jpg', '1,2,3,4,5,23,24,', 'В наличии'),
(200, 'RMD128219DF', 5, 'RMD128219DF.jpg', '1,2,3,4,', 'В наличии'),
(201, 'RMD130319DF', 5, 'RMD130319DF.jpg', '1,2,3,4,', 'В наличии'),
(202, 'RMD193719DD', 23, 'RMD193719DD.jpg', '1,2,3,4,24,', 'В наличии'),
(203, 'RMD193719DD', 20, 'RMD193719DD1.jpg', '1,2,3,4,24,', 'В наличии'),
(204, 'RMD197419DS', 22, 'RMD197419DS.jpg', '1,2,3,4,5,23,24,', 'В наличии'),
(205, 'RMD198019DD', 10, 'RMD198019DD.jpg', '1,2,3,4,5,', 'В наличии'),
(206, 'RMD198419DS1', 43, 'RMD198419DS1.jpg', '1,2,3,4,5,23,24,', 'В наличии'),
(207, 'SUKNIA', 8, 'SUKNIA.jpg', '1,2,3,4,5,', 'В наличии'),
(208, 'TANARO', 13, 'TANARO.jpg', '1,2,3,4,', 'В наличии'),
(209, 'VARIOLA', 43, 'VARIOLA.jpg', '1,2,3,4,', 'В наличии'),
(210, '09220', 47, '09220.jpg', '11,12,13,14,15,16,', 'Ожидается'),
(235, '6033', 2, 'PHOTO2019071110441511.jpg', '11,12,13,14,15,16,', 'Ожидается'),
(236, '6033', 13, 'PHOTO201907111044122.jpg', '11,12,13,14,15,16,', 'Ожидается'),
(237, '6033', 1, 'PHOTO201907111043203.jpg', '11,12,13,14,15,16,', 'Ожидается'),
(238, '13248', 1, 'DSC58241.jpg', '11,12,13,14,15,16,', 'Ожидается'),
(239, '13230', 16, '20190521Salko70551.jpg', '11,12,14,15,16,', 'В наличии'),
(240, '43203', 31, '20190521Salko59571.jpg', '11,12,13,14,15,16,', 'Ожидается'),
(241, '45210', 26, 'Salko452104500р1.1.jpg', '11,12,13,14,15,16,', 'Ожидается'),
(242, '5038', 48, 'IMG63831.jpg', '11,12,13,15,16,14,', 'Под заказ'),
(243, '5038', 4, 'IMG63822.jpg', '11,12,13,14,15,16,', 'Под заказ'),
(244, '125519', 35, 'PHOTO201907031148572.jpg', '1,2,4,24,', 'В наличии'),
(245, '125519', 16, 'PHOTO201907031148523.jpg', '1,2,3,24,4,', 'В наличии'),
(246, '1206', 35, 'PHOTO2019071110434111.jpg', '10,11,12,13,14,15,', 'Под заказ'),
(247, '5024', 1, 'PHOTO2019071110441411.jpg', '11,12,13,14,15,16,', 'Под заказ'),
(248, '5024', 1, 'PHOTO2019071110441422.jpg', '11,12,13,14,15,16,', 'Под заказ'),
(249, '6037', 26, 'PHOTO2019071110433911.jpg', '11,12,13,14,15,16,', 'Под заказ'),
(250, '6037', 26, 'PHOTO2019071110433932.jpg', '11,12,13,14,15,16,', 'Под заказ'),
(251, 'ARDILA', 23, 'ARDILABLUZA1.jpg', '2,3,1,4,', 'Ожидается'),
(252, 'BALUARTE', 1, 'BELUARTEPASZCZ1.jpg', '1,2,3,4,', 'Ожидается'),
(253, 'DUERO', 1, 'DUEROPONCZO1.jpg', '3,2,1,4,', 'Ожидается'),
(254, 'R5', 1, '56C0905F96EB403CB8ED3CE5D0DF38981.jpeg', '10,11,12,14,15,16,13,17,18,19,20,', 'Под заказ'),
(255, '26', 19, '51B949CEDFED4C99AFF89659407985D81.jpeg', '10,11,12,13,14,16,15,', 'Под заказ'),
(256, 'M22', 5, 'D8188A2B94D24143862B171DA9DED3EE1.jpeg', '10,11,12,13,14,15,16,', 'Под заказ'),
(257, 'M23', 1, '296CAF25CB6B46E4806401444FFAA7C01.jpeg', '10,11,12,13,14,15,16,', 'Под заказ'),
(259, 'M211', 13, '392FB8498CEC4107A41E3D45410ED9731.jpeg', '10,11,12,13,16,15,14,', 'Под заказ'),
(260, '20203181', 1, '20190521Salko74543.jpg', '11,12,13,14,16,15,', 'В наличии'),
(261, 'TOLTEN', 4, 'DSC057471.jpg', '1,3,2,4,', 'В наличии'),
(262, 'TOLTEN', 35, 'Tolten3250p22.jpg', '1,2,3,4,', 'В наличии'),
(263, 'SOLEA', 51, 'DSC0010111.jpg', '1,3,2,4,', 'В наличии'),
(264, '2222719', 1, 'DSC058741.jpg', '11,12,13,14,15,16,', 'В наличии'),
(265, '2222719', 10, 'DSC057722.jpg', '11,12,13,14,15,16,', 'В наличии'),
(266, 'KARDIA', 13, 'DSC070851.jpg', '1,3,2,4,', 'В наличии'),
(267, 'KARDIA', 1, 'DSC070952.jpg', '1,4,3,2,', 'В наличии'),
(268, 'KARDIA', 18, 'DSC073373.jpg', '1,3,2,4,', 'В наличии'),
(269, 'KAWAJA', 2, 'DSC087081.jpg', '1,3,2,4,', 'В наличии'),
(270, '6726819', 26, '20190521Salko69501.jpg', '11,12,13,14,15,16,', 'В наличии'),
(271, '3921618', 26, 'DSC091501.jpg', '12,13,14,15,', 'В наличии'),
(272, 'GLADIOLA2', 13, 'DSC094982.jpg', '1,4,3,2,', 'В наличии'),
(273, 'A233', 56, 'B4D4C824BF2045DFB390D7E86B58B1E41.jpeg', '22,', 'В наличии'),
(274, '584', 4, '584021.jpg', '11,12,13,14,15,', 'В наличии'),
(275, '580', 35, '580011.jpg', '11,12,13,14,', 'В наличии'),
(276, '585', 35, '05751.jpg', '11,12,13,14,15,', 'В наличии'),
(277, '587', 56, '03841.jpg', '11,12,13,14,15,', 'В наличии'),
(278, '567', 56, '00391.jpg', '11,12,13,14,15,', 'В наличии'),
(279, '567', 18, 'col2.26art2.slwk0012.jpg', '11,12,13,14,15,', 'В наличии'),
(280, '567', 3, 'col3.27art3.slwk0013.jpg', '11,12,13,14,15,', 'В наличии'),
(281, '567', 13, 'col4.33aart4.slwk0014.jpg', '11,12,13,14,15,', 'В наличии'),
(282, '587', 57, 'col2.2art2.201802062.jpg', '11,12,13,14,15,', 'В наличии'),
(283, '587', 10, 'col3.10art3.201802063.jpg', '11,12,13,14,15,', 'В наличии'),
(284, '587', 35, 'col4.3art4.201802064.jpg', '11,12,13,14,15,', 'В наличии'),
(285, '585', 57, 'col2.2art2.201802062.jpg', '11,12,13,14,15,', 'В наличии'),
(286, '585', 51, 'col3.10art3.201802063.jpg', '11,12,13,14,15,', 'В наличии'),
(287, '585', 23, 'col4.1art4.201802064.jpg', '11,12,13,14,15,', 'В наличии'),
(288, '01343008', 39, 'DSC0538621.jpg', '12,13,14,15,16,', 'В наличии'),
(289, '01343008', 8, 'DSC080862.jpg', '12,13,14,15,16,', 'В наличии'),
(290, '863', 49, 'LisaMayo07081953664s1.jpg', '1,3,2,4,', 'В наличии'),
(291, '838', 52, 'LisaMayo07081955439s1.jpg', '1,4,3,2,', 'В наличии'),
(292, '838', 40, 'LisaMayo07081955939s2.jpg', '1,3,2,4,', 'В наличии'),
(293, '838', 1, 'LisaMayo07081953309s3.jpg', '1,2,3,4,', 'В наличии'),
(294, '838', 56, 'LisaMayo07081954301s4.jpg', '1,4,3,2,', 'В наличии'),
(295, '889', 5, 'LisaMayo07081959075s1.jpg', '1,2,3,', 'В наличии'),
(296, '889', 1, 'LisaMayo07081955242s2.jpg', '1,2,3,', 'В наличии'),
(297, '889', 12, 'LisaMayo07081955151s3.jpg', '1,3,2,', 'В наличии'),
(298, '897', 49, 'LisaMayo07081954763s1.jpg', '1,3,2,', 'В наличии'),
(299, '897', 35, 'LisaMayo07081958998s2.jpg', '1,3,2,', 'В наличии'),
(300, 'OSLO', 26, '8BC594EEC9994C919692C9D886D02FA11.jpeg', '3,2,1,4,', 'В наличии'),
(301, '8971', 58, 'COCOMOREMКардиган897ONESIZEМодакрил63Шер20Пмид9Вис33100р21.JPG', '1,3,2,', 'В наличии'),
(302, '8971', 26, 'COCOMOREMКардиган897ONESIZEМодакрил63Шер20Пмид9Вис33100р12.JPG', '1,3,2,', 'В наличии'),
(303, 'SUKNIAQUOTAGNESEQUOT', 59, 'DSC050831.jpg', '1,4,3,2,', 'В наличии'),
(304, '0929819', 5, '20190521Salko71091.jpg', '11,12,13,14,15,16,', 'В наличии'),
(305, '0929819', 1, 'DSC094942.jpg', '11,12,13,14,15,16,', 'В наличии'),
(306, '2324919', 60, 'DSC094991.jpg', '11,12,13,14,15,16,', 'В наличии'),
(307, '2222719', 40, 'DSC058323.jpg', '11,12,13,14,15,16,', 'В наличии'),
(308, 'TAMBRE', 56, 'TAMBRESWETER1.jpg', '1,4,3,2,', 'В наличии'),
(309, 'SUKNIAQUOTAGNESEQUOT', 1, 'DSC050542.jpg', '1,4,3,2,', 'В наличии'),
(310, 'SUKNIAQUOTAGNESEQUOT', 51, 'DSC023203.jpg', '1,4,3,2,', 'В наличии'),
(311, '206375', 1, 'IMG78741.JPG', '17,16,', 'В наличии'),
(312, '28TRG3', 61, 'IMG78731.JPG', '12,', 'В наличии'),
(313, '28SL', 5, 'IMG78751.JPG', '12,', 'В наличии'),
(314, '252076', 13, 'IMG78761.JPG', '11,', 'В наличии'),
(316, '34NK', 62, '1A26111CE81F460AAB9E110AABBEFF321.jpeg', '12,', 'В наличии'),
(321, 'SUZANA', 23, 'DSC070801.jpg', '1,2,3,4,', 'В наличии'),
(322, 'ORDESA1', 11, 'DSC014664.jpg', '1,2,3,4,', 'В наличии'),
(323, 'ORDESA1', 2, 'DSC064115.jpg', '1,4,3,2,', 'В наличии'),
(324, 'ORDESA1', 1, 'DSC008096.jpg', '1,3,2,4,', 'В наличии'),
(325, '1025920', 40, '512a46f85b15669f4fd5410c8a5415c71.jpg', '11,12,13,14,15,16,', 'В наличии'),
(326, '3226020', 40, 'DSC517311.jpg', '11,12,13,14,15,16,', 'В наличии'),
(327, '6320620', 35, 'DSC3399p1.jpg', '11,12,13,14,15,16,', 'В наличии'),
(328, '2220720', 35, 'DSC3399p1.jpg', '11,12,13,14,15,16,', 'В наличии'),
(329, '3223420', 35, 'DSC3399p1.jpg', '11,12,13,14,15,16,', 'В наличии'),
(330, '4426520', 35, 'DSC54061.jpg', '11,12,13,14,15,16,', 'В наличии'),
(331, '4628320', 1, 'DSC39731.jpg', '11,12,13,14,15,16,', 'В наличии'),
(332, '4325420', 1, '20190521Salko73971.jpg', '11,12,14,15,13,', 'В наличии'),
(333, '4424420', 51, 'Salko442444100р1.1.jpg', '11,12,13,14,15,16,', 'В наличии'),
(334, '196099113', 35, 'BA241711ED3E44F9A6F7FBC74A2E16DD1.jpeg', '6,7,8,9,10,', 'В наличии'),
(335, '196074800', 51, 'D1786DD90786407AA63722EA933BC11F1.jpeg', '6,7,8,9,10,', 'В наличии'),
(336, '196074800', 1, 'E07667454AF04175A6B1BF6883DBC4EB2.jpeg', '6,7,8,9,10,', 'В наличии'),
(337, '196055910', 46, '04B7DC98A63F4E04BC8868E4FCE197AB1.jpeg', '7,6,8,9,10,11,', 'В наличии'),
(338, '195055901', 23, 'BBBB103FD0034501AD4B86ECD97E22D31.jpeg', '24,1,2,3,4,', 'В наличии'),
(339, '195044201', 51, '78A8D25739834FBE8746DA6B6B974D301.jpeg', '1,4,3,2,', 'В наличии'),
(340, '194026200', 49, '4A6A31F145BC41F8B2B1353701C1603B1.jpeg', '1,24,4,3,2,', 'В наличии'),
(341, '191013600', 51, '80C55E3A5EDF477A8CD89291C28A35081.jpeg', '1,4,3,2,', 'В наличии'),
(342, '197014507', 49, '19A49CB39D4B4D44A654FF94D58651D21.jpeg', '24,1,4,2,3,', 'В наличии'),
(343, '194026202', 52, 'B91A3851DC3F48FEBC8064F720C709B61.jpeg', '1,4,24,2,3,', 'В наличии'),
(344, '190686501', 16, 'FE134B68963140319EB481DF5C13D7B51.jpeg', '25,', 'В наличии'),
(345, '193063100', 13, 'B8E9F734F4614C0B923606B23B0174291.jpeg', '1,4,24,2,3,', 'В наличии'),
(346, '194016302', 19, 'BF2822565DAC4A8AB9879B13E023ED601.jpeg', '1,4,24,2,3,', 'В наличии'),
(347, 'EJW196009107', 49, 'D976F34B66E040CF9614862FA52491791.jpeg', '6,7,', 'В наличии'),
(348, 'ELW', 51, '88B715B854EA4D1A9E57BC357A56C2591.jpeg', '1,3,4,2,', 'В наличии'),
(349, 'EJW192009112', 1, '4FF072857A104398981726DDEBB168DB1.jpeg', '1,2,3,4,', 'В наличии'),
(350, 'ELW195044202', 13, 'FA0BB26CE1FD42E58CCC7382B576BC651.jpeg', '1,4,3,2,', 'В наличии'),
(351, 'ELW197006402', 51, '8C4163AD1A63402CBC322FADB137AF181.jpeg', '3,2,1,4,', 'В наличии'),
(352, 'ELW193006403', 51, '0D0C6F3C67A6461A97495D812A542F681.jpeg', '3,2,1,4,', 'В наличии'),
(353, 'EJW194018101', 37, '7B53892239D543E9A0990034D2B7EE361.jpeg', '1,4,3,2,', 'В наличии'),
(354, 'ELW191004602', 46, '54F0E3B5F3594A59AC17B8D42BFE314E1.jpeg', '1,4,3,2,', 'В наличии'),
(355, '8292', 69, 'AFBDC492A6DC4EAB89FE799F7749B20B1.jpeg', '14,15,16,17,', 'Под заказ'),
(356, '8292', 70, '9F0C3A39E7BC42B1860D77F71223FD062.jpeg', '14,15,16,17,18,19,', 'Под заказ'),
(357, '8292', 71, 'B364F2EEC7154EEA80277A156AD46CCE3.jpeg', '14,15,16,17,', 'Под заказ'),
(358, '932', 69, '849900D239B74E439A8BDA2F776C0A601.jpeg', '14,15,16,17,18,19,20,21,', 'Под заказ'),
(359, '932', 72, '7F124406415D4DF4ACD982459355D6672.jpeg', '14,15,16,17,', 'Под заказ'),
(360, '932', 70, '68D213B49CE144C1BB516CB8C23B79D13.jpeg', '15,16,17,18,', 'Под заказ'),
(361, '932', 71, 'A81CE08AFBA0458BBF4231A8BF78C1224.jpeg', '14,15,16,17,18,19,20,21,', 'В наличии'),
(362, '932', 73, 'E3AC63025CA64208992EF6A2EDAEA3E45.jpeg', '14,15,16,17,18,19,', 'Под заказ'),
(363, '778', 75, 'F2A09B63C2BB43E2906658591C8785E91.jpeg', '14,15,16,17,', 'Под заказ'),
(364, '778', 74, '7AF01279E15F4359B3E65678AA5165A42.jpeg', '14,15,16,17,', 'Под заказ'),
(365, '778', 71, '456BB2D0DD4B4BBE868F7B021D1B8F0B3.jpeg', '14,15,16,17,18,', 'В наличии'),
(366, '778', 69, 'BB71D6E900AD4BD9AF8FEC2AC53CA09C4.jpeg', '14,15,16,', 'Под заказ'),
(367, '778', 13, '834AC11CCA8544A7AD7742CAE2A00E465.jpeg', '14,16,18,', 'Под заказ'),
(368, '778', 5, 'E631726CB36343509396C929D825C9EB6.jpeg', '13,14,15,16,17,', 'Под заказ'),
(369, '9102', 76, 'D2F259390621449990026C82D15449B21.jpeg', '14,15,16,', 'Под заказ'),
(370, '9102', 5, 'F5F2DC93F4D845888DF8146FD167139A2.jpeg', '14,15,16,', 'Под заказ'),
(371, '891', 52, 'CD7B8AF2AE7649F18CAC25D6C4F53B171.jpeg', '14,13,15,16,', 'Под заказ'),
(372, '891', 75, '3F37F49B32534BB28DF746472612F0892.jpeg', '14,15,16,13,', 'Под заказ'),
(373, '891', 79, 'C8CF4573456A43038B30D6DE65F0490E3.jpeg', '13,14,15,16,', 'Под заказ'),
(374, '891', 62, 'AB0AC04DB7A447A084E75D202A833A224.jpeg', '13,14,15,16,', 'Под заказ'),
(375, '812', 5, '79AC6216A8C94073B269E6C3D379FEB91.jpeg', '14,15,16,17,18,', 'В наличии'),
(376, '812', 13, 'CF49323E3C4A45528C6753BCDF5B16262.jpeg', '13,14,15,16,17,', 'Под заказ'),
(377, '812', 82, '97B598CAFB1547298A4B8EE7C1790CB83.jpeg', '13,14,15,16,', 'Под заказ'),
(378, '812', 81, 'D9F15DACC09546E387CE6AED7BEA069A4.jpeg', '13,14,15,16,', 'Под заказ'),
(379, '812', 70, '005F6ABFD30B488FA85D784172634B495.jpeg', '13,14,15,16,', 'Под заказ'),
(380, '812', 69, '1B1847F875C0408189F769C97DD7EBD96.jpeg', '14,15,16,13,', 'В наличии'),
(381, '910', 1, '3BF933E23996452B99DBA8C627E56F5C1.jpeg', '14,15,16,17,18,19,', 'В наличии'),
(382, '913', 77, '305545CD4BCC457BA607D9D4C8299AAA1.jpeg', '15,', 'Под заказ'),
(383, '913', 83, '474A87D9318244F4BBBB8B24B639958C2.jpeg', '14,', 'Под заказ'),
(384, '084720', 1, 'salkoss2025581.jpg', '11,12,13,14,15,16,', 'В наличии'),
(385, '084720', 5, 'salkoss2009742.jpg', '11,12,13,14,15,16,', 'В наличии'),
(386, '3707192701', 25, 'DSC004851.jpg', '11,12,13,14,15,16,', 'В наличии'),
(387, '11520', 27, 'salkoss2030861.jpg', '11,12,14,13,15,16,', 'В наличии'),
(388, '077520', 5, 'salkoss2022861.jpg', '11,12,13,14,15,16,', 'В наличии'),
(389, '314020', 1, 'DSC017031.jpg', '12,11,13,14,15,16,', 'В наличии'),
(390, '214120', 1, 'DSC017091.jpg', '11,12,13,14,15,16,', 'В наличии'),
(391, '424520', 33, 'salkoss2015771.jpg', '11,12,13,14,15,16,', 'В наличии'),
(392, '427820', 18, 'salkoss2020331.jpg', '11,12,13,14,15,16,', 'В наличии'),
(393, '075320', 31, 'salkoss2030231.jpg', '11,12,13,14,15,16,', 'В наличии'),
(394, '075220', 31, 'salkoss2028911.jpg', '11,12,13,14,15,16,', 'В наличии'),
(395, '056920', 33, 'salkoss2009291.jpg', '11,12,13,14,15,16,', 'В наличии'),
(396, '066320', 28, 'salkoss2022511.jpg', '11,12,13,14,15,16,', 'В наличии'),
(397, '093620', 56, 'salkoss2020011.jpg', '11,12,13,14,16,15,', 'В наличии'),
(398, '116520', 29, 'salkoss2004461.jpg', '11,12,13,14,15,16,', 'В наличии'),
(399, '073420', 33, 'salkoss2004981.jpg', '11,12,13,14,15,16,', 'В наличии'),
(400, '61320', 5, 'salkoss2022181.jpg', '11,12,13,14,15,16,', 'В наличии'),
(401, '61320', 1, 'salkoss2021072.jpg', '11,12,13,14,15,16,', 'В наличии'),
(402, '635720', 49, 'salkoss2028751.jpg', '11,12,13,14,15,16,', 'В наличии'),
(403, '215820', 49, 'salkoss2028751.jpg', '11,12,13,14,15,', 'В наличии'),
(404, '215820', 13, 'salkoss2029222.jpg', '11,12,13,14,15,16,', 'В наличии'),
(405, 'PERSEFONA', 5, 'EDE119AB2EFF47E89BDBECCF406748031.jpeg', '1,2,3,4,', 'В наличии'),
(406, 'PERSEFONA', 39, '20FE0A071AB74EC78647A0E37FD5C5762.jpeg', '1,3,2,4,', 'В наличии'),
(407, 'NEFELE', 51, '76E553E80974418EB61732FB724CE6831.jpeg', '1,4,3,2,', 'В наличии'),
(408, 'NEFELE', 37, 'EACEEFA962DE4F179E93A29A4B8351102.jpeg', '1,4,3,2,', 'В наличии'),
(409, 'HERMES', 64, '088F6260D8BA4B8DAE56F0019F8766F81.jpeg', '1,4,3,2,', 'В наличии'),
(410, 'HERMES', 40, '36BA7DB8B63743F7913802F1395172972.jpeg', '1,4,3,2,', 'В наличии'),
(411, 'HERMES', 51, '2D8639ACE0CB42DF9112DE1BCDAC7EB63.jpeg', '1,4,3,2,', 'В наличии'),
(412, 'HERMES', 21, 'CCF59CEFFD184167986CA083E188D6934.jpeg', '1,4,3,2,', 'В наличии');

--
-- Индексы сохранённых таблиц
--

--
-- Индексы таблицы `m_brands`
--
ALTER TABLE `m_brands`
  ADD PRIMARY KEY (`id`);

--
-- Индексы таблицы `m_colors`
--
ALTER TABLE `m_colors`
  ADD PRIMARY KEY (`id`);

--
-- Индексы таблицы `m_discounts`
--
ALTER TABLE `m_discounts`
  ADD PRIMARY KEY (`id`),
  ADD UNIQUE KEY `code` (`code`);

--
-- Индексы таблицы `m_items`
--
ALTER TABLE `m_items`
  ADD PRIMARY KEY (`id`),
  ADD UNIQUE KEY `title` (`title`);

--
-- Индексы таблицы `m_orders`
--
ALTER TABLE `m_orders`
  ADD PRIMARY KEY (`id`);

--
-- Индексы таблицы `m_products`
--
ALTER TABLE `m_products`
  ADD PRIMARY KEY (`id`),
  ADD KEY `fk_item_id` (`item_id`),
  ADD KEY `fk_brand_id` (`brand_id`);

--
-- Индексы таблицы `m_sizes`
--
ALTER TABLE `m_sizes`
  ADD PRIMARY KEY (`id`);

--
-- Индексы таблицы `m_units`
--
ALTER TABLE `m_units`
  ADD PRIMARY KEY (`id`),
  ADD KEY `fk_product_id` (`product_id`),
  ADD KEY `fk_color_id` (`color_id`);

--
-- AUTO_INCREMENT для сохранённых таблиц
--

--
-- AUTO_INCREMENT для таблицы `m_brands`
--
ALTER TABLE `m_brands`
  MODIFY `id` int(10) UNSIGNED NOT NULL AUTO_INCREMENT, AUTO_INCREMENT=24;

--
-- AUTO_INCREMENT для таблицы `m_colors`
--
ALTER TABLE `m_colors`
  MODIFY `id` int(10) UNSIGNED NOT NULL AUTO_INCREMENT, AUTO_INCREMENT=84;

--
-- AUTO_INCREMENT для таблицы `m_discounts`
--
ALTER TABLE `m_discounts`
  MODIFY `id` int(10) UNSIGNED NOT NULL AUTO_INCREMENT, AUTO_INCREMENT=5;

--
-- AUTO_INCREMENT для таблицы `m_items`
--
ALTER TABLE `m_items`
  MODIFY `id` int(10) UNSIGNED NOT NULL AUTO_INCREMENT, AUTO_INCREMENT=24;

--
-- AUTO_INCREMENT для таблицы `m_orders`
--
ALTER TABLE `m_orders`
  MODIFY `id` int(10) UNSIGNED NOT NULL AUTO_INCREMENT, AUTO_INCREMENT=49;

--
-- AUTO_INCREMENT для таблицы `m_sizes`
--
ALTER TABLE `m_sizes`
  MODIFY `id` int(10) UNSIGNED NOT NULL AUTO_INCREMENT, AUTO_INCREMENT=26;

--
-- AUTO_INCREMENT для таблицы `m_units`
--
ALTER TABLE `m_units`
  MODIFY `id` int(10) UNSIGNED NOT NULL AUTO_INCREMENT, AUTO_INCREMENT=413;

--
-- Ограничения внешнего ключа сохраненных таблиц
--

--
-- Ограничения внешнего ключа таблицы `m_products`
--
ALTER TABLE `m_products`
  ADD CONSTRAINT `fk_brand_id` FOREIGN KEY (`brand_id`) REFERENCES `m_brands` (`id`),
  ADD CONSTRAINT `fk_item_id` FOREIGN KEY (`item_id`) REFERENCES `m_items` (`id`);

--
-- Ограничения внешнего ключа таблицы `m_units`
--
ALTER TABLE `m_units`
  ADD CONSTRAINT `fk_color_id` FOREIGN KEY (`color_id`) REFERENCES `m_colors` (`id`),
  ADD CONSTRAINT `fk_product_id` FOREIGN KEY (`product_id`) REFERENCES `m_products` (`id`);
COMMIT;

/*!40101 SET CHARACTER_SET_CLIENT=@OLD_CHARACTER_SET_CLIENT */;
/*!40101 SET CHARACTER_SET_RESULTS=@OLD_CHARACTER_SET_RESULTS */;
/*!40101 SET COLLATION_CONNECTION=@OLD_COLLATION_CONNECTION */;
